"operation_id,client_id,transaction_type,amount,currency,operation_date,operation_time,balance_after_transaction,channel"
"2R51UU3FT12,316226,debit,2850.85,EUR,2024-06-13,12:10 PM,2906,Mobile App"
"6E71MF9YU70,871125,withdrawal,9696.71,GBP,2024-08-29,5:53 PM,7329,Online"
"3CD6TQ6NT99,634176,credit,3907.2,EUR,2025-03-30,7:42 AM,1035,Online"
"4T53Q53NQ10,515495,debit,5751.56,GBP,2024-10-06,4:25 AM,7818,Branch"
"6XT7N46XP99,459906,withdrawal,1228.88,USD,2025-01-17,7:29 PM,9366,Mobile App"
"9TY1R56VH66,50186,debit,4203.82,USD,2025-04-07,5:54 PM,3356,Online"
"4G51C10EV92,716510,debit,4071.59,GBP,2024-09-02,11:26 PM,7588,Online"
"5AJ2A86HV61,979207,debit,1051.62,USD,2025-01-13,4:30 PM,2916,Branch"
"6J32J18AA74,226519,debit,133.02,MAD,2024-09-29,11:04 PM,7013,ATM"
"3MC5AC8FM58,109487,debit,903.78,MAD,2024-10-09,8:53 AM,2186,Online"
"1F71P86EW97,642149,deposit,1537.95,MAD,2024-06-17,10:35 PM,3193,Branch"
"4D57NX4MC41,678299,debit,1292.87,MAD,2025-03-06,4:03 AM,2094,Branch"
"6UW7MT2FJ34,16794,credit,3648.84,USD,2025-01-09,9:56 AM,5755,Branch"
"8PU9U37PV85,962645,withdrawal,6775.83,EUR,2025-03-14,1:03 AM,7341,ATM"
"9XM7FG3HA48,205779,transfer,8551.32,MAD,2024-10-21,12:45 PM,7088,POS"
"5X38VT6DJ51,487270,withdrawal,5426.69,EUR,2024-09-18,5:45 AM,6023,Branch"
"3QQ8C87WN88,141676,transfer,8659.59,EUR,2024-08-04,12:21 PM,2999,Mobile App"
"5D81KY6VE73,352177,withdrawal,4481.54,MAD,2025-02-18,9:36 AM,6824,Branch"
"6AR6J03KQ67,970304,debit,1476.3,GBP,2024-09-05,9:14 AM,9704,Online"
"6YD3WG6UE70,729290,debit,1881.91,USD,2025-04-20,1:27 AM,8857,POS"
"9VX3JJ0DY10,816303,debit,8677.76,EUR,2024-08-27,6:08 PM,7392,ATM"
"5NA6NQ8HE37,806583,debit,8040.03,GBP,2024-09-16,5:07 AM,8368,ATM"
"1UU4QP6PP98,786144,credit,618.95,GBP,2024-11-22,2:16 PM,2137,POS"
"8EU1AK2YG31,896429,credit,6419.57,EUR,2025-04-01,6:05 AM,9830,Mobile App"
"8NU6DE1GP05,208140,credit,5501.84,EUR,2024-06-16,12:22 PM,8209,ATM"
"3AM6RK8VU31,989539,withdrawal,4869.69,USD,2024-05-11,2:52 AM,8832,ATM"
"9YW8C92EU43,307730,credit,563.52,MAD,2024-10-07,4:43 AM,5305,Mobile App"
"5FN2PG6HA31,611014,transfer,1769.6,MAD,2025-02-08,12:16 PM,7504,Mobile App"
"2XU4C05YQ50,809826,credit,4739.16,EUR,2024-08-15,10:07 AM,5168,ATM"
"7UK2YY8VP15,16414,transfer,867.37,MAD,2024-09-13,12:01 PM,3150,Branch"
"9HP1DN7GK49,273376,transfer,6613.78,USD,2025-03-28,3:13 AM,42,Mobile App"
"9TD3WP1DH89,197131,debit,3391.72,USD,2025-03-04,11:00 AM,2842,POS"
"8E25A39YN78,532278,debit,1195.83,GBP,2024-06-27,9:18 PM,5127,Branch"
"5M92M25GW11,716679,credit,7334.6,GBP,2025-01-22,6:15 AM,5750,Branch"
"6AM2YP0AM90,715189,withdrawal,8347.54,MAD,2024-09-14,2:52 AM,1757,Online"
"1JT7VK3HC50,578730,transfer,8891.75,EUR,2025-02-20,12:27 PM,8483,ATM"
"7EQ1D78NR25,824816,withdrawal,7178.88,GBP,2024-11-07,11:11 PM,7309,ATM"
"2V78J63TQ00,542681,withdrawal,9413.87,USD,2024-07-29,4:48 AM,4858,Branch"
"5P32RA0PT87,439785,deposit,7113.73,MAD,2024-08-07,1:47 AM,8572,POS"
"8MY8K53ME82,539020,credit,8766.94,MAD,2024-05-13,2:21 AM,8921,Branch"
"1GP5HQ2RQ88,634473,deposit,4580.89,MAD,2024-10-19,9:59 AM,246,Mobile App"
"2RH3G56NV27,305589,withdrawal,2882.41,EUR,2024-12-15,4:38 AM,6899,Mobile App"
"3NF9P45XV69,907386,deposit,2218.96,EUR,2025-02-02,4:17 PM,5825,Branch"
"5JG9AD7CW29,272724,debit,2229.67,MAD,2025-03-05,4:54 AM,6496,ATM"
"9P56P04KP51,683496,credit,4497.93,EUR,2025-03-31,8:46 PM,9357,Online"
"3NA0PC1TG82,738915,credit,1499.51,USD,2024-12-03,11:46 AM,9627,ATM"
"7G31X80PV75,499792,transfer,854.72,USD,2025-01-05,1:49 PM,1548,Branch"
"3YQ4VN7VY18,61091,credit,3358.3,GBP,2025-01-03,10:19 PM,6671,Mobile App"
"8TG4XX9HC49,222965,transfer,5880.61,EUR,2024-08-06,12:25 AM,8802,POS"
"3HR6RW1HM63,40099,debit,9273.43,GBP,2024-04-27,7:49 AM,2910,Branch"
"2PT4KQ9VC24,719940,deposit,6816.49,USD,2024-07-02,6:22 AM,6659,ATM"
"9F28D58KN84,820615,deposit,7181.65,MAD,2024-05-01,4:51 PM,8612,POS"
"1AR3EF1WF31,495753,deposit,5184.61,EUR,2024-11-02,5:23 AM,2934,ATM"
"5M13C91QK08,655056,credit,5409.15,GBP,2024-07-04,6:09 AM,9398,Mobile App"
"4P14YW9HK54,673146,credit,2028.22,USD,2025-01-28,12:04 AM,8455,Online"
"3YH8CD9GA01,758849,debit,9327.41,EUR,2025-02-08,9:06 AM,2102,Mobile App"
"7VH6YG9JD86,315693,deposit,9935.88,MAD,2024-05-02,10:57 PM,6818,Mobile App"
"7X11CD7UW28,227607,deposit,4809.01,USD,2025-02-18,2:01 PM,2000,ATM"
"4YR9G31MW97,625362,transfer,1467.55,GBP,2024-07-30,4:29 PM,3404,Online"
"4DG2JC0UJ31,206013,credit,1342.06,MAD,2024-04-30,3:46 PM,3066,Branch"
"9EJ9FR8VQ34,417172,deposit,4638.11,GBP,2025-04-09,12:51 PM,3854,Mobile App"
"1QC1AT4XU47,279232,transfer,8879.69,MAD,2024-12-21,4:07 PM,4743,POS"
"6HC7RP2HP75,38241,credit,9467.66,USD,2025-01-24,12:29 AM,2386,Branch"
"7U03XQ5RN49,811122,credit,2227.92,EUR,2025-04-11,3:33 PM,1569,Online"
"7TK2H64JR06,760156,deposit,2255.05,USD,2024-12-23,6:40 PM,6699,Online"
"5N54NF5PU64,601239,credit,99.39,EUR,2024-09-26,10:00 PM,1612,Branch"
"5W57AV7FH06,227850,credit,5150.28,USD,2024-07-03,1:59 AM,9466,Online"
"8PG7UQ3WA23,958094,deposit,9849.31,GBP,2025-01-18,12:15 PM,9213,Mobile App"
"5XR8FN5MJ47,820440,withdrawal,2069.11,EUR,2024-09-21,10:31 PM,6854,Mobile App"
"4AX6N75RV83,212639,credit,7758.71,GBP,2024-05-10,4:19 PM,995,Online"
"1EA8JJ8MY56,209923,deposit,5049.02,USD,2025-02-05,6:46 AM,5443,Branch"
"5EV7YY8YD11,420840,deposit,9930.59,EUR,2025-03-21,5:32 AM,5646,Branch"
"7QP9RH4XA61,562874,credit,1359.91,GBP,2024-08-16,4:28 PM,7349,Online"
"2QA4MF4DD80,730917,credit,4144.89,USD,2024-10-09,12:34 AM,5572,ATM"
"7A73G95XH30,710484,debit,652.52,USD,2025-01-28,9:50 PM,3958,POS"
"5MC0XC0FM47,722400,deposit,9161.51,MAD,2025-01-10,5:32 PM,5149,Mobile App"
"2PQ7Q26PF48,32769,credit,5397.01,GBP,2025-04-24,5:56 AM,7661,Branch"
"4P09X84JY33,883424,withdrawal,3303.48,USD,2024-09-23,2:47 AM,483,ATM"
"3GQ0QY2MY78,147283,credit,1258.37,EUR,2025-03-06,8:47 AM,2330,ATM"
"2YG3V24PM63,616712,deposit,2173.68,USD,2024-12-02,1:44 AM,8981,ATM"
"1KU7VU7VA18,644546,withdrawal,2595.23,USD,2025-03-25,12:11 AM,3240,Mobile App"
"9AQ3AW1WU36,203517,transfer,2379.69,GBP,2024-06-15,9:07 PM,7289,ATM"
"2FR0FA5EE21,742675,debit,9676.89,GBP,2025-02-06,3:40 PM,2957,ATM"
"2AQ3H77EN31,577691,credit,7481.63,MAD,2024-07-15,4:55 AM,62,ATM"
"8QY8MR4CA58,566376,withdrawal,8079.24,EUR,2024-12-25,3:45 AM,7982,Mobile App"
"1VJ5Y53HW71,893235,deposit,2582.38,GBP,2024-09-13,7:24 AM,246,POS"
"8KH2PK0WE11,955590,credit,1046.27,EUR,2024-09-11,2:21 AM,543,Online"
"6A19R97JW06,555822,credit,4823.96,USD,2024-06-01,11:49 AM,9320,Branch"
"6F97JK0TT80,784474,deposit,5004.07,GBP,2024-12-19,1:59 PM,4699,Mobile App"
"8J23Y56WW13,142441,withdrawal,4165.72,GBP,2025-04-09,10:45 PM,6108,Online"
"3DA1E70QK40,246731,transfer,8561.54,MAD,2024-07-15,5:38 PM,8453,POS"
"1HY0NK6AX66,179730,credit,7759.41,EUR,2024-11-20,6:57 AM,6202,Mobile App"
"5MY2WA9AY90,620102,deposit,9620.64,USD,2024-06-02,1:16 AM,7719,Branch"
"6M58TW3YW49,835537,withdrawal,414.46,EUR,2024-06-23,4:23 AM,3875,Branch"
"5YY4J48JJ61,151874,debit,2027.54,USD,2024-10-22,8:38 PM,3873,POS"
"6EU1NV4JM25,864423,transfer,2332.02,USD,2024-06-24,5:03 PM,2625,POS"
"9D57VF6HQ65,496319,deposit,4727.2,EUR,2025-03-07,4:11 PM,205,Online"
"2KC2VE1JD17,691628,credit,1893.21,EUR,2024-11-30,10:54 PM,5776,ATM"
"1UD3FM5CX78,962419,withdrawal,3008.31,EUR,2025-03-27,2:14 AM,6127,Online"
"3V95JA8HM66,764171,debit,8018.58,GBP,2025-01-27,6:22 AM,9237,ATM"
"1N30FY6JR11,657003,deposit,8715.85,EUR,2024-10-23,9:02 AM,9343,Mobile App"
"9TU6VT1UN42,492968,deposit,5261.52,EUR,2024-10-10,6:18 AM,719,Online"
"5KU5NU0QF40,881511,transfer,4871.06,USD,2024-06-15,7:34 PM,9244,Branch"
"6ME1VP4VF92,952632,credit,897.29,USD,2024-06-12,7:30 AM,5139,ATM"
"6TN4NR2VA67,194011,deposit,7296.77,EUR,2025-04-04,12:57 AM,6527,Branch"
"2TD8JD9XE92,763268,credit,8012.85,GBP,2024-08-29,8:48 PM,6939,Online"
"7RG5JN0NJ98,298264,credit,4105.68,USD,2024-05-28,2:24 AM,9850,Mobile App"
"2CN2UK1ND34,707284,withdrawal,1677.11,GBP,2024-12-05,12:10 AM,8922,Mobile App"
"8RX7GH2JT31,869351,withdrawal,7040.31,GBP,2024-12-04,9:40 PM,3437,Online"
"3KH1E57GW10,556803,credit,9318.09,USD,2024-05-13,7:45 PM,5651,Online"
"9WN3W70GK18,137309,credit,3553.67,MAD,2024-04-26,3:20 PM,5832,POS"
"9HE7Y05WV29,912440,transfer,1664.8,EUR,2024-08-13,4:39 PM,9156,Online"
"4P35QP3RY56,883618,transfer,1126.79,MAD,2024-08-05,7:03 AM,1358,Branch"
"8CM6R08QJ45,896848,credit,401.01,GBP,2025-01-18,9:56 PM,528,Branch"
"5CF0A14DJ82,211128,withdrawal,6523.96,GBP,2024-07-19,4:45 AM,6645,Online"
"9RT7VU8HE95,208032,withdrawal,6683.21,GBP,2025-04-15,2:35 AM,1708,Mobile App"
"4AD0T85DX74,913251,withdrawal,6435.1,GBP,2024-10-12,9:46 AM,7842,Online"
"5RJ6RA0DH04,903582,debit,1621.24,EUR,2024-12-22,7:49 AM,4745,ATM"
"3ME4NU6WX43,194729,credit,6578.65,EUR,2024-05-18,1:59 AM,740,Online"
"7U88GX3FP26,372524,deposit,8616.68,MAD,2024-08-20,7:26 AM,663,POS"
"4MR2RP8AN42,231325,deposit,9858.24,MAD,2025-03-30,9:48 PM,261,Online"
"7RA1RJ5KM44,405012,withdrawal,1491.95,EUR,2025-04-12,7:21 PM,3490,Online"
"1AW8AD5HK36,763667,transfer,9391.94,EUR,2024-05-07,3:46 AM,9113,ATM"
"3E72PT2YQ61,609946,withdrawal,2347.05,USD,2024-12-17,11:37 PM,427,Branch"
"1PC8HX1QU04,745922,withdrawal,7755.26,MAD,2025-02-16,7:50 PM,7048,Branch"
"1FM9GF4CW60,268346,withdrawal,4620.58,MAD,2024-09-17,5:23 PM,5708,Mobile App"
"2QU7CC7YP01,309694,credit,8772.6,EUR,2025-04-23,8:10 PM,7398,ATM"
"3R18YX7EY84,234043,withdrawal,3784.23,EUR,2025-01-08,3:24 PM,7207,Online"
"5V10U02MG94,874715,credit,9210.51,MAD,2025-03-26,8:27 AM,3528,Branch"
"3M86P65HM64,58758,transfer,2219.8,USD,2024-10-04,1:11 AM,6256,Mobile App"
"7H28UR9DQ24,431237,deposit,7153.24,GBP,2024-05-28,8:24 AM,5693,Online"
"6JR8FA5QJ61,579816,debit,1694.81,EUR,2024-05-11,9:30 AM,7110,POS"
"1VD3X81DA04,702310,transfer,123.29,GBP,2025-02-13,2:28 PM,1397,Branch"
"8WP4YT7FQ35,817871,credit,2572.0,EUR,2024-06-07,4:34 AM,976,Online"
"1YM4WD9DP90,162456,debit,7252.26,MAD,2024-07-15,8:07 AM,1741,Mobile App"
"8GG4N85GE76,368091,transfer,4731.52,EUR,2024-12-16,4:36 AM,8871,Branch"
"2G18HF7HQ47,990839,transfer,5497.0,USD,2025-02-05,4:01 AM,9950,Branch"
"7VE0UV9GD20,101088,credit,1958.48,USD,2024-10-10,11:35 AM,6014,Branch"
"3CU3JQ8GJ35,801437,withdrawal,4998.28,USD,2024-12-01,1:43 PM,8649,Mobile App"
"2HX3NR8QC46,525795,withdrawal,6316.83,USD,2024-10-10,12:11 PM,7149,ATM"
"9H32NY8NV18,248010,debit,1267.91,USD,2024-06-15,4:16 AM,2312,Branch"
"1VY3AH3RA58,583969,debit,7083.17,GBP,2025-02-13,12:13 PM,3113,Branch"
"9RC4RC8UJ72,31878,transfer,3914.27,EUR,2025-01-01,8:04 PM,453,ATM"
"5TU3RT4HF98,449725,debit,3793.69,EUR,2024-08-07,2:44 AM,3518,Mobile App"
"1JC6DM6NM15,423656,transfer,6686.02,GBP,2025-02-10,4:02 AM,1636,Branch"
"2MV8F14HH98,429221,transfer,1458.9,EUR,2024-05-20,3:52 AM,4505,Mobile App"
"8KU7RG1GW73,317789,debit,4174.52,GBP,2024-07-09,1:23 PM,8541,Branch"
"2DC0NU3UT23,179087,debit,6433.11,MAD,2025-01-13,5:17 PM,7953,Mobile App"
"4DF5U22YG46,201695,withdrawal,3442.88,USD,2024-08-04,2:56 AM,5063,Online"
"8AW8MM0RT76,742993,deposit,8616.11,USD,2024-05-17,7:16 AM,6728,POS"
"5RK6FF1VY70,485972,deposit,2842.96,MAD,2025-02-03,2:40 PM,5100,Online"
"3Y03AP2JT83,372776,transfer,5310.48,EUR,2025-01-10,4:50 PM,7317,Mobile App"
"8JF8W17AK60,611837,debit,5897.4,USD,2024-10-10,12:24 AM,2941,Mobile App"
"3JR9F56TR73,487725,deposit,1533.39,EUR,2025-04-05,12:54 PM,476,Branch"
"4W13P51CQ53,120312,credit,7031.78,MAD,2025-03-18,12:29 PM,5239,Online"
"1HM6CJ9EV53,828091,debit,9130.2,GBP,2024-10-20,12:00 PM,1059,Branch"
"2XE4DA1CM24,370089,withdrawal,3954.2,USD,2024-07-11,10:39 PM,613,Mobile App"
"4CN0UC5CF07,20100,deposit,7502.83,GBP,2024-10-07,8:04 AM,2605,Online"
"7T85CW5YM03,979061,withdrawal,9767.72,MAD,2024-08-17,3:48 PM,6818,Branch"
"2MF7Q77EP17,111721,debit,3017.93,MAD,2024-05-12,7:23 AM,9575,POS"
"5GU2EP6HX56,336295,credit,9139.59,USD,2024-10-17,1:41 AM,5922,Online"
"4C38AU5HH11,69734,debit,7764.58,USD,2024-07-02,5:55 AM,1114,POS"
"6HW4QP6MJ44,58350,transfer,7901.9,USD,2024-10-19,5:35 AM,7768,ATM"
"6J41RT4RV27,262278,transfer,666.44,EUR,2024-09-30,10:12 PM,2734,ATM"
"5KU3K87HP00,11283,transfer,6716.18,EUR,2024-11-28,2:03 AM,540,Branch"
"1NY4FC0VH38,188814,transfer,6643.01,EUR,2024-12-01,11:26 PM,4700,ATM"
"9CC5GY4CA18,510040,transfer,9730.87,EUR,2024-07-22,6:50 PM,6775,Online"
"9R37JX3CY72,253872,deposit,9774.87,EUR,2024-09-10,12:15 PM,5587,ATM"
"8G23PJ3CX89,169463,transfer,2865.26,MAD,2024-09-27,5:37 PM,827,Branch"
"3U85QR4TN91,227538,credit,3496.11,GBP,2024-09-02,1:38 PM,6831,Online"
"1EF4M19PY97,839833,transfer,9037.49,USD,2025-03-09,5:34 AM,413,ATM"
"4M05GT6AT95,745478,credit,5516.38,EUR,2024-06-23,6:20 AM,9091,ATM"
"2D57DM0NJ19,972871,withdrawal,3244.88,MAD,2024-06-01,7:32 PM,2267,ATM"
"3HM2JT1CJ98,307335,transfer,7634.47,EUR,2024-11-03,8:49 PM,757,Online"
"7HE4J41VK28,260338,credit,9956.54,GBP,2024-09-07,8:56 PM,7467,Mobile App"
"8W53EW6CF20,634428,debit,9627.77,USD,2024-07-27,2:48 AM,287,Branch"
"8QU8G02YC01,189777,credit,4376.14,GBP,2025-04-15,3:29 PM,1434,POS"
"6U55YF7PN09,610151,debit,811.46,USD,2024-12-14,12:22 PM,3271,POS"
"9C04CH1FX16,217729,withdrawal,3014.81,EUR,2024-12-08,7:49 PM,5482,POS"
"2G23PM6UK50,299074,withdrawal,7046.22,USD,2024-06-19,11:32 AM,1510,ATM"
"1EN1Q95XD40,943885,credit,1146.25,GBP,2025-03-28,7:21 PM,4721,Branch"
"2KX8R40QV59,948966,transfer,9447.71,MAD,2024-12-28,11:38 AM,4122,Online"
"6Y08X79VN72,705122,withdrawal,9663.33,GBP,2024-08-03,1:09 AM,4331,Branch"
"8HR3GV3WE16,371430,debit,3174.76,MAD,2024-10-18,11:01 PM,8181,Online"
"4RT8T60RE17,39029,withdrawal,1551.87,GBP,2024-07-04,10:48 AM,68,ATM"
"1M71K75JQ43,877339,deposit,4156.29,EUR,2024-05-07,8:45 AM,9292,ATM"
"1V24YY0MP25,936343,credit,5783.89,EUR,2024-09-26,2:56 AM,3806,POS"
"1VN8H61XW73,638107,deposit,9576.22,MAD,2024-06-30,4:19 AM,4305,Mobile App"
"7W60TJ7YX15,566372,deposit,2023.69,EUR,2025-02-14,7:58 PM,1934,Branch"
"2QH6TT4CF43,870614,debit,9150.06,GBP,2025-03-28,9:10 PM,1698,Online"
"6GY3A16AM67,701737,deposit,1436.21,MAD,2024-10-25,10:01 AM,7923,ATM"
"2EK3A39UV69,757171,deposit,7786.97,GBP,2024-06-21,9:48 AM,8920,Branch"
"9YQ9UY2WA09,460868,transfer,8089.67,MAD,2024-08-25,12:28 PM,6046,Mobile App"
"9E54NG7RP83,499586,debit,2065.34,USD,2025-01-07,7:16 AM,6929,Branch"
"3TU8PQ4WX48,980026,credit,6149.56,GBP,2024-07-06,2:49 AM,9671,ATM"
"9FN8QM6TQ88,773931,transfer,5778.92,GBP,2024-09-11,8:05 AM,4243,Mobile App"
"8AP0PJ9RU38,463384,credit,5406.26,MAD,2025-04-13,12:36 AM,4708,Mobile App"
"7GK3Q98DP64,107199,deposit,704.11,USD,2024-07-10,3:18 AM,8333,Online"
"4HV6E34VP02,490359,transfer,241.35,MAD,2025-03-19,3:52 AM,889,Online"
"6Q07C02YJ81,308980,withdrawal,3646.65,MAD,2025-04-07,4:15 PM,2173,ATM"
"8WN2QC2FM38,555732,transfer,3138.94,USD,2024-08-30,6:22 PM,6448,ATM"
"8XV9GE7HX68,608842,withdrawal,8379.74,EUR,2024-04-28,4:49 PM,4027,Online"
"6EN2HH0PU89,64412,transfer,8307.75,USD,2024-09-08,3:17 PM,6776,Mobile App"
"1YV8E63FK78,444473,deposit,203.51,EUR,2025-04-07,9:22 AM,7724,Online"
"3V28UW4ED96,514987,credit,9778.97,GBP,2024-10-23,2:37 PM,320,Online"
"3KM7EM2AR99,961804,deposit,9879.38,GBP,2025-03-10,7:46 PM,2014,POS"
"6GN3VH5TY41,475639,transfer,6166.29,GBP,2024-08-12,9:48 AM,1086,Mobile App"
"4J04VV0GY93,581483,transfer,9325.17,MAD,2024-11-04,11:21 PM,4838,Online"
"5QV5V24WN73,656793,credit,5202.73,MAD,2024-09-03,6:11 AM,2424,POS"
"9UY3T90XJ77,309494,credit,1095.18,GBP,2025-02-10,9:51 PM,270,Branch"
"3KG4J10KX55,909008,withdrawal,1436.79,EUR,2024-09-28,11:45 PM,4690,Online"
"4M85RP2NR16,866067,withdrawal,8571.41,EUR,2024-09-30,11:13 AM,3378,ATM"
"6CQ5FJ3DJ22,37974,deposit,7165.71,MAD,2024-09-26,2:33 PM,313,Branch"
"6G67TR3PV09,124077,deposit,8432.55,EUR,2025-02-25,3:07 PM,9567,Online"
"6K43F59XV56,904179,withdrawal,9031.48,EUR,2025-02-18,10:00 PM,4513,Online"
"5R38J65WE68,681018,transfer,7391.34,GBP,2024-07-28,11:31 AM,8496,POS"
"1QJ7RF0ND30,390155,withdrawal,6438.47,EUR,2024-06-10,9:35 AM,2950,POS"
"2K48NU4HD82,256691,deposit,6422.03,MAD,2024-08-05,10:30 AM,2451,Online"
"4JP5K27YG74,107296,transfer,8350.0,GBP,2024-05-31,2:45 PM,9813,ATM"
"2DF6VY7DC58,898080,debit,4744.74,USD,2024-09-24,2:04 PM,3955,ATM"
"8G09HA9RJ79,450195,withdrawal,8013.09,EUR,2024-08-19,2:26 AM,6279,Branch"
"5DV1T64YP42,622710,debit,3307.83,MAD,2025-02-09,4:39 PM,4830,Online"
"8AX0NE5FG59,205827,withdrawal,9276.04,MAD,2024-10-16,2:11 AM,2100,Mobile App"
"6HE4W92UX26,503928,transfer,9379.77,GBP,2024-07-01,12:47 PM,3208,Mobile App"
"2U21KH4NX12,208573,withdrawal,7125.61,MAD,2024-07-03,5:04 AM,1618,Branch"
"6AH2NG5DV32,140481,transfer,6586.92,EUR,2025-03-09,5:16 PM,3800,Online"
"4NT7QP1QV28,796899,deposit,6977.85,USD,2024-10-13,12:35 PM,984,Online"
"5FE8YE0HY68,286115,credit,2045.48,MAD,2024-09-28,8:11 AM,8686,POS"
"3GN8J15NU54,930442,credit,8308.97,MAD,2024-06-16,6:14 PM,9692,Branch"
"8RD7GC8FN02,674381,transfer,7919.31,EUR,2024-12-12,12:29 PM,9096,POS"
"3XC9KY9NU09,680855,debit,988.67,USD,2024-04-28,7:27 AM,8119,ATM"
"3M84UD9WF67,632366,transfer,8066.15,USD,2024-11-21,2:21 AM,9409,ATM"
"8EG0F18FF37,861363,withdrawal,8987.59,USD,2024-07-17,5:41 PM,2662,Mobile App"
"3E10J86EM49,907737,withdrawal,7384.15,GBP,2024-05-09,10:47 PM,138,POS"
"5YC6C15TC29,764950,transfer,8714.52,MAD,2024-10-24,5:43 AM,9596,ATM"
"3AG8H26PU65,734498,withdrawal,6515.86,EUR,2025-04-12,10:30 AM,50,ATM"
"8M44HA0JM32,299490,deposit,3804.89,USD,2024-09-05,6:46 PM,2684,Mobile App"
"7YT7AY8YK14,480641,credit,9455.68,MAD,2024-10-09,1:17 PM,8188,ATM"
"7CX5H93TR65,637985,withdrawal,8998.22,USD,2025-03-22,12:16 AM,1284,ATM"
"7F65WF2PM08,956674,deposit,8020.63,GBP,2024-11-06,2:09 AM,3604,Mobile App"
"7CT8YV8UR54,457283,debit,9495.82,USD,2024-10-03,7:15 PM,2987,POS"
"1YR6WG2KM59,630088,debit,5360.28,GBP,2025-02-18,4:13 PM,9337,Online"
"1FY4VN8YN65,219848,transfer,4051.29,MAD,2024-04-28,3:05 PM,185,ATM"
"3RC5X63GX94,881513,withdrawal,5236.27,USD,2024-05-20,7:16 AM,3673,Branch"
"4T56E99DK14,866526,credit,3878.34,USD,2025-01-15,4:24 PM,500,Mobile App"
"6AC8RY2CK43,275384,transfer,7212.75,USD,2025-03-30,11:31 AM,2872,Mobile App"
"8QG3VC5HN15,637556,deposit,9300.85,MAD,2024-08-29,7:59 PM,2245,ATM"
"6FH5RK7HK59,877889,withdrawal,9610.59,GBP,2024-06-24,2:31 PM,2343,Online"
"5W77R31KX68,86707,withdrawal,4801.77,EUR,2024-07-27,8:24 AM,2556,Mobile App"
"4KU3DV3XQ33,11334,deposit,1228.92,MAD,2024-06-03,9:17 PM,9442,Branch"
"5CY3XX9WT81,54027,deposit,919.73,EUR,2024-07-07,8:12 AM,9355,ATM"
"4U34AD9DE47,929859,withdrawal,842.12,GBP,2025-03-07,6:49 AM,714,Online"
"2MK2EV2JK29,944756,credit,2197.2,MAD,2025-04-15,11:03 AM,3077,ATM"
"4HA0NY3FV77,381600,debit,2373.79,MAD,2025-01-02,1:56 PM,1422,Branch"
"1TU2E74DQ62,289424,credit,3807.55,MAD,2024-08-24,10:47 PM,5610,POS"
"9A78KA5FU58,482176,withdrawal,6191.26,GBP,2025-01-05,7:43 PM,2783,POS"
"7V13K06QA13,594251,withdrawal,8180.63,EUR,2024-09-21,9:13 AM,8871,ATM"
"7J64A82WP57,243480,withdrawal,8723.61,EUR,2025-02-06,11:59 AM,6739,Mobile App"
"7QC5H67MK08,255029,debit,4310.66,EUR,2024-07-27,7:06 AM,6975,POS"
"2NP1X15JJ16,596768,withdrawal,1725.6,EUR,2024-11-21,10:25 PM,3617,Mobile App"
"8D92YE7RN36,714449,withdrawal,1647.43,MAD,2024-07-03,8:27 PM,9965,Online"
"1Y78JN5YW92,310015,debit,6002.41,USD,2024-05-14,2:36 PM,9169,Mobile App"
"3DH1GF7NY20,743515,deposit,7723.1,EUR,2025-01-17,8:32 AM,3579,POS"
"3JY4VX0GX40,940703,credit,7542.27,EUR,2024-07-28,6:24 AM,9064,Online"
"8RH4RV0VR40,824163,withdrawal,627.51,USD,2024-05-12,2:23 AM,6628,Mobile App"
"7XM3C39PU62,683154,deposit,5936.55,MAD,2024-06-22,5:37 PM,4013,Branch"
"9WW1MW8TT27,657110,credit,9758.27,USD,2024-12-11,5:44 PM,2536,Branch"
"1GR7H80UU21,389808,credit,8395.92,GBP,2024-10-19,8:22 PM,6871,Online"
"3Q15Y07CU30,330818,credit,8591.3,GBP,2025-03-21,10:52 AM,2690,Branch"
"3AQ4X88EF80,403139,deposit,8333.55,MAD,2024-10-06,7:14 PM,2608,POS"
"9A67FH0XV44,643644,credit,7964.01,USD,2024-06-05,12:48 AM,2356,Branch"
"6D72W71GC42,215828,withdrawal,1710.76,EUR,2024-12-26,11:24 PM,7315,Online"
"6F82A14RW11,647480,transfer,7510.78,EUR,2024-04-30,9:25 PM,9778,Mobile App"
"1JM6FG8CM26,110079,debit,6507.25,MAD,2024-11-25,3:40 AM,1258,ATM"
"3MG8E02NR94,100382,debit,9688.27,EUR,2024-12-10,6:23 AM,7493,Online"
"7M45WT9PA12,90785,withdrawal,5423.69,USD,2024-08-24,3:34 AM,4150,POS"
"8VV1C25JP53,24723,deposit,1993.75,EUR,2025-02-11,1:47 PM,3633,POS"
"1JW2CF3PA39,526192,credit,7045.14,EUR,2024-10-30,1:31 PM,6995,Mobile App"
"4F11PW4FY18,108228,deposit,1120.1,MAD,2024-10-22,8:43 PM,2460,POS"
"1WF5WR8WG91,793180,withdrawal,6009.19,GBP,2024-07-31,4:36 PM,8624,Branch"
"1NT4WA9KG90,320149,debit,2958.17,USD,2024-10-06,6:37 PM,8991,POS"
"3MJ0E37UN04,388386,deposit,9870.32,USD,2024-12-02,12:48 AM,1190,Mobile App"
"8TJ2N41TK29,451135,deposit,3079.19,GBP,2025-04-13,4:08 PM,8266,Mobile App"
"4VF3DE2DA84,488122,withdrawal,8161.91,EUR,2025-03-19,9:46 AM,3201,Branch"
"9QJ6NT5FG05,370860,debit,2989.39,EUR,2024-07-19,3:27 AM,649,Mobile App"
"2CU8VU9ED86,752706,credit,1169.29,MAD,2024-07-08,8:53 AM,6133,Online"
"2YW6VG5NT53,309291,debit,9543.44,MAD,2025-02-09,10:00 PM,3829,Online"
"2XW8C31WV24,792183,credit,9762.02,USD,2024-12-07,10:35 AM,8479,ATM"
"4XT8C17WN56,815453,transfer,1516.34,MAD,2025-04-05,9:26 AM,3820,Online"
"3X92UG4CF43,986448,debit,3383.42,USD,2024-10-22,8:16 PM,9274,Mobile App"
"4QG9U66NF83,826838,deposit,9098.23,GBP,2024-05-16,3:38 AM,5294,ATM"
"7TC5NH8FQ88,842470,withdrawal,378.94,GBP,2024-09-20,5:04 AM,5025,Mobile App"
"5R92N25GV97,893500,debit,2059.62,GBP,2024-10-05,4:24 PM,9886,POS"
"1JN3GF1TG40,799179,debit,8165.18,USD,2024-12-05,5:48 PM,5205,Branch"
"2NG1MN5GA11,389352,debit,3807.86,MAD,2025-04-11,4:05 AM,5871,Online"
"8Q39EA2YV03,874237,debit,2601.99,GBP,2024-10-17,6:08 AM,2352,POS"
"6FC2J62RG63,551862,withdrawal,1435.24,EUR,2025-01-25,9:30 PM,222,POS"
"8R06DN4RE27,138194,deposit,7951.23,GBP,2024-08-14,3:36 PM,9160,Mobile App"
"9UN1QN6YH13,21248,deposit,859.5,GBP,2024-08-23,1:42 AM,3905,Mobile App"
"4H06JE4WU21,63780,withdrawal,7060.73,GBP,2024-11-21,12:56 PM,7062,Mobile App"
"2PX7T44PG03,131347,debit,9917.79,GBP,2024-08-18,1:01 PM,7661,POS"
"6X75NC3VX67,280018,credit,7198.02,USD,2025-02-03,8:41 AM,3917,Branch"
"4GW0Y85VA31,856018,debit,5948.55,MAD,2024-07-25,6:56 AM,8989,Branch"
"9XN7JP3WR45,679302,transfer,5312.51,EUR,2024-10-06,1:54 AM,6205,Branch"
"9AA6WH0DN15,229520,transfer,8090.11,MAD,2024-07-08,8:56 AM,4136,Branch"
"2FH6Q51MM42,655969,credit,728.96,MAD,2025-01-26,7:52 PM,5390,POS"
"1WM2AK0GK97,808566,debit,1102.13,MAD,2024-10-08,6:02 AM,706,Mobile App"
"3NH8K45WA75,720078,deposit,9691.44,MAD,2025-03-04,8:40 PM,514,Branch"
"5PC7U65WU60,504920,credit,3840.54,GBP,2024-06-13,1:38 PM,1839,Online"
"7PJ9RK3KT90,729460,credit,8824.31,GBP,2025-04-21,11:50 AM,4628,POS"
"8TU2NF7XW20,533779,withdrawal,6270.08,USD,2024-11-02,5:00 PM,9326,Mobile App"
"7PN4HT6YT22,762687,deposit,9867.7,MAD,2024-09-23,12:36 PM,9825,Online"
"8U57EN3YW63,561288,transfer,8487.86,EUR,2025-02-26,8:57 AM,990,ATM"
"9CD9T03HH52,592123,withdrawal,203.17,MAD,2024-10-28,11:43 AM,9348,POS"
"7PH3G95MH30,617154,transfer,4717.41,GBP,2024-06-20,6:11 AM,865,Branch"
"4G56UC7JC42,87322,withdrawal,6706.44,EUR,2024-10-03,1:17 PM,1283,Branch"
"2J33WP2QJ23,971028,debit,3846.25,MAD,2025-02-10,1:29 PM,3807,Branch"
"2JC0WP7XV39,723776,deposit,6757.64,MAD,2024-07-29,7:49 AM,2549,POS"
"3T21ET2VW94,971357,transfer,2494.62,GBP,2025-04-14,9:25 AM,76,ATM"
"3EN7P71FG12,192922,debit,9955.35,MAD,2024-06-22,7:10 AM,4693,POS"
"8FX6NX3TH22,79066,withdrawal,53.69,USD,2024-10-24,6:32 AM,8969,POS"
"5RU7TD7PC05,386864,withdrawal,3792.23,EUR,2024-10-28,2:25 PM,9616,Branch"
"5TR3E98HT94,854013,credit,5075.71,EUR,2025-02-09,6:25 PM,6680,Branch"
"7YC9V38PE72,593318,credit,1745.46,MAD,2025-01-23,4:56 PM,1035,Mobile App"
"1H06KR8HP01,900136,debit,4658.64,GBP,2024-09-11,11:50 PM,7358,Branch"
"9AN6QN7RG69,381872,transfer,8466.55,MAD,2024-10-21,5:23 AM,8250,Branch"
"3H88E52UE78,871960,withdrawal,2031.45,EUR,2024-12-03,4:59 PM,2699,POS"
"7E96QX0AF83,17408,debit,1173.7,USD,2024-05-18,2:11 PM,732,POS"
"8KJ5PW8UW60,445849,withdrawal,5471.46,MAD,2024-11-27,8:33 AM,9955,POS"
"1CX8Q73GX36,455225,deposit,1713.38,EUR,2024-05-04,7:35 PM,1921,Branch"
"8NW2N47AU35,789476,debit,486.14,GBP,2024-07-23,7:53 AM,1904,Branch"
"8DH5GV9DM24,774165,credit,9438.21,MAD,2025-03-31,11:14 AM,713,ATM"
"8GH0QR7AX20,246419,withdrawal,978.59,MAD,2024-09-22,2:37 PM,5574,Branch"
"4NA3TH5TC68,852507,transfer,3199.15,EUR,2024-06-26,5:18 AM,2832,Online"
"2XR4WH3TH89,89528,debit,6016.47,USD,2024-07-22,8:59 PM,7592,Mobile App"
"4AA4UE4DE73,906815,credit,4907.08,EUR,2024-09-30,8:22 PM,3950,POS"
"1MN0GR4DA09,636183,transfer,3298.55,USD,2025-03-28,9:01 AM,5049,POS"
"7JE7KV8DC22,14422,withdrawal,7503.89,USD,2024-08-15,10:54 AM,7529,Mobile App"
"8FV3QN8MM38,419597,debit,9803.81,GBP,2025-03-18,3:48 AM,5642,ATM"
"2H48FM3VK16,731854,debit,7301.75,USD,2024-11-30,10:48 AM,9520,Branch"
"6HH2CH9MD46,861959,withdrawal,3114.49,MAD,2025-02-04,11:14 PM,3984,ATM"
"6WA6J06AN45,914330,deposit,1555.61,GBP,2025-01-10,3:05 PM,6196,POS"
"3M95V44JU96,361349,withdrawal,9201.76,EUR,2024-09-17,12:31 PM,5460,Mobile App"
"9NE1FD3HE56,263355,credit,5857.59,EUR,2024-12-22,10:47 AM,4367,Online"
"7P47MP1VU09,282808,credit,3386.58,GBP,2024-10-18,7:02 PM,1553,ATM"
"5Q58U59FW14,898881,deposit,206.93,MAD,2025-04-01,11:12 AM,9742,Branch"
"9YA6JY4AX99,888080,deposit,6134.47,MAD,2024-06-23,9:28 AM,1255,Branch"
"8NV0J18UJ91,325940,transfer,5676.85,EUR,2024-07-14,1:57 PM,3901,ATM"
"8RU7A09RH02,768620,deposit,4215.83,EUR,2024-10-18,2:04 PM,2367,Branch"
"3DG7QM5VR56,330436,credit,4307.6,MAD,2024-12-16,11:10 AM,750,POS"
"8TU4A12MV35,109415,withdrawal,2726.75,USD,2024-09-27,3:03 AM,2504,Mobile App"
"1HK9YD6GK49,179005,debit,2916.66,USD,2024-12-31,9:49 AM,8734,POS"
"7D41AR2HY64,584537,debit,9011.0,GBP,2024-09-30,11:47 PM,4393,Online"
"6Q76FN0GV57,117500,deposit,7179.61,MAD,2024-11-17,1:40 AM,410,Online"
"7NQ9NY6CC15,545517,withdrawal,819.97,MAD,2025-04-10,10:10 AM,6415,Online"
"5P02DQ1VE05,785242,credit,1471.78,GBP,2024-10-28,5:03 PM,6578,ATM"
"1EW7J73KM16,615209,transfer,3127.42,MAD,2025-01-07,3:30 PM,9495,ATM"
"7UV3UW8AM79,324268,transfer,4978.31,EUR,2025-01-21,4:27 AM,6299,ATM"
"1J33M84AU26,170236,debit,382.33,EUR,2024-09-07,10:33 PM,1451,POS"
"8AV0PV1WW48,849529,withdrawal,7389.59,GBP,2024-08-03,7:11 AM,8534,Branch"
"3JU2KE2PG65,585971,withdrawal,8406.17,MAD,2024-06-20,5:01 AM,3532,Branch"
"1P51HX4EQ48,818612,debit,5509.35,GBP,2024-08-08,8:53 AM,3040,ATM"
"4FH7PG1PP17,183163,deposit,8322.89,EUR,2025-01-21,12:15 AM,5703,Mobile App"
"1E45Y92RX58,725273,debit,3047.72,MAD,2024-11-25,2:51 AM,1594,Online"
"2K75PY0VY42,384739,credit,8620.94,USD,2024-11-21,4:54 PM,2065,Branch"
"4E29XJ0PF10,971655,credit,1169.86,USD,2025-01-20,10:49 AM,9389,Mobile App"
"7QY8V69RJ20,79536,deposit,853.74,GBP,2025-01-23,5:49 PM,3272,Branch"
"3TV6N16WT87,729481,credit,2849.13,EUR,2024-05-05,3:53 AM,9010,Online"
"8Y86KQ8UX83,293847,transfer,6461.96,GBP,2024-11-17,12:28 AM,6034,POS"
"1PF5YH6TF09,642218,credit,5848.69,GBP,2025-01-08,5:15 PM,1331,Online"
"2QM8PA1DJ48,777973,debit,5748.12,MAD,2024-07-02,11:46 PM,1999,POS"
"1E98M53GD07,729169,debit,9121.94,MAD,2024-09-11,1:56 AM,7061,ATM"
"7DC8UW9UN41,836718,debit,9877.91,USD,2024-07-02,6:23 AM,9376,Mobile App"
"8XR7FN8RJ46,772682,withdrawal,938.21,EUR,2024-06-13,8:15 AM,8612,Online"
"2VT0V17YC88,379949,withdrawal,1389.29,USD,2024-12-16,9:00 PM,9284,Branch"
"9DX3NX1XJ04,325008,credit,7370.42,EUR,2025-04-15,2:01 AM,415,Mobile App"
"5JH4K29JQ13,418158,debit,4685.41,GBP,2024-11-07,4:18 PM,6873,Branch"
"2WT1K96UT41,548883,transfer,4535.12,USD,2025-01-11,3:32 AM,3776,Online"
"8NG1KT5TE63,466318,credit,5184.07,USD,2024-07-03,10:54 AM,820,Online"
"2JW5PN7KT17,591174,transfer,850.15,GBP,2025-02-24,2:16 AM,4103,Branch"
"6F00XY1PF60,696384,withdrawal,2218.18,GBP,2024-08-08,4:49 AM,6434,Mobile App"
"6VF4DD7CQ02,873335,deposit,8448.48,USD,2024-10-11,6:00 PM,3261,Branch"
"6JJ3GA2RX40,225797,deposit,5793.73,MAD,2024-11-01,11:43 AM,2162,Online"
"7UH2G79XT14,391702,credit,728.26,MAD,2024-05-25,4:39 PM,1837,Branch"
"3VA3VP0HR59,603379,credit,3562.47,EUR,2024-10-27,2:46 PM,9383,POS"
"3EJ2QK5GQ38,984709,transfer,9674.37,MAD,2024-06-30,9:30 AM,4041,Online"
"4Y27W58HV17,153859,withdrawal,9879.97,EUR,2025-03-09,9:09 PM,1102,POS"
"3WP9G32TU51,335602,debit,5228.34,USD,2025-04-05,4:46 PM,2035,ATM"
"8GG0UR3HA39,464276,credit,6980.07,GBP,2024-11-20,8:30 PM,1503,ATM"
"7RX4TT5QE48,281269,debit,4907.48,USD,2024-09-21,6:18 AM,8919,Mobile App"
"6T42WM8GM76,61221,transfer,1787.33,MAD,2024-07-19,9:13 AM,9398,ATM"
"8CE3WU4HF35,520981,debit,777.14,EUR,2024-11-23,11:15 PM,563,Mobile App"
"8YN1FM9PM04,603898,credit,1133.96,MAD,2025-02-26,11:25 AM,3961,Mobile App"
"2JY9G59FX94,369049,credit,3989.16,EUR,2025-03-12,11:07 AM,5572,Branch"
"8JR6HQ7KV61,24097,credit,1832.63,MAD,2024-10-30,7:56 AM,8689,Mobile App"
"6XM7N33GW54,551199,deposit,1410.58,EUR,2024-12-18,4:00 AM,2071,ATM"
"9DX1EY0QU41,664382,debit,9810.8,EUR,2025-01-25,6:35 PM,836,ATM"
"9W30EY9NH24,294274,transfer,5924.32,USD,2024-04-28,2:58 PM,8909,ATM"
"5VP6JR7PQ37,978964,credit,2104.53,USD,2024-07-30,9:47 AM,401,ATM"
"2UD2XP0TR66,69773,deposit,3976.54,GBP,2025-03-14,8:23 AM,5613,Branch"
"5KU7KY2YG06,944212,credit,116.68,MAD,2024-05-01,4:00 AM,3272,ATM"
"3KT7TN5GA92,454607,debit,3924.94,MAD,2024-12-28,7:01 PM,686,Branch"
"2PH1K84PJ14,739392,transfer,6974.75,MAD,2025-02-07,10:04 PM,5674,Branch"
"6G39GP9QM08,425714,withdrawal,7539.14,MAD,2025-03-09,5:47 PM,3180,Branch"
"4GM0NF5TE31,50398,transfer,5276.76,MAD,2025-01-16,4:10 AM,8510,Branch"
"8WR2TR7PW37,296633,credit,4525.11,EUR,2024-12-27,9:17 PM,5494,Branch"
"7C06V21RM13,551261,transfer,3344.31,GBP,2025-02-16,12:07 AM,7047,Mobile App"
"5P94J30GP46,943576,transfer,9838.1,USD,2024-11-29,2:43 PM,3914,Mobile App"
"7U90UF8GH71,148421,credit,6855.12,MAD,2024-11-25,7:22 PM,9221,POS"
"5Q69Y35DG80,649469,debit,8736.67,USD,2025-01-27,2:04 AM,2529,Online"
"5YY8UJ9JN05,194848,withdrawal,714.12,MAD,2024-12-27,1:10 AM,7399,Online"
"7CG4UU2XP80,525630,deposit,598.39,GBP,2025-01-29,12:06 PM,8284,ATM"
"5C65E00PU47,59682,credit,7974.18,GBP,2024-07-21,5:50 PM,8424,POS"
"1HC4VX9FC09,292823,credit,6710.42,GBP,2025-04-11,11:35 PM,7298,POS"
"9R65E02RF31,205256,debit,8942.18,MAD,2025-03-06,6:08 AM,1918,ATM"
"1XX4AT3GT02,781599,transfer,2720.26,MAD,2024-11-19,8:08 AM,5932,Online"
"7Y32A46FA52,802756,debit,5535.11,GBP,2025-04-04,8:32 PM,56,POS"
"1NM1QK9XK19,273170,debit,9577.02,GBP,2024-08-21,11:24 AM,1994,ATM"
"4FF0MH9HM77,464770,withdrawal,3502.83,EUR,2024-06-04,5:01 AM,9259,Mobile App"
"9JX6T70GX83,605767,withdrawal,7714.06,GBP,2025-03-25,11:47 AM,9733,Online"
"2G10RT1JW68,979748,withdrawal,1977.5,EUR,2024-12-17,9:50 PM,9180,Branch"
"5FP9KJ1CU24,460409,debit,3345.47,EUR,2025-02-15,9:47 AM,9965,POS"
"9YP3FJ9AK42,476037,deposit,7426.13,MAD,2024-10-18,6:12 AM,2834,POS"
"9CW4EP2JR29,591917,debit,6742.49,GBP,2024-11-13,12:24 PM,7160,POS"
"9GK6T25HG48,607209,deposit,4087.87,USD,2024-12-10,4:41 AM,3215,Online"
"1TV2DP2FX57,691427,transfer,2463.64,USD,2024-12-25,10:30 PM,3930,ATM"
"6UF2CA5DM95,514941,transfer,306.53,EUR,2024-10-02,7:10 AM,2443,Branch"
"9M33KH9AA31,368343,credit,2984.71,USD,2025-01-07,9:14 AM,604,Mobile App"
"2DM5T06EX55,17839,credit,7707.98,USD,2025-01-27,1:26 AM,6254,Branch"
"1V94JJ0XM07,268053,withdrawal,3276.8,GBP,2024-10-08,7:00 PM,6123,ATM"
"4WF5VJ7KM87,340138,deposit,8545.31,USD,2024-09-11,11:42 PM,5149,POS"
"2VF3N52DE96,23911,transfer,1362.41,GBP,2024-06-04,3:04 PM,1499,Online"
"9CM4N06EX80,121509,credit,6257.44,MAD,2024-10-31,8:02 PM,891,POS"
"9PY4QP2QW18,158755,debit,8796.87,MAD,2024-07-02,6:14 PM,742,POS"
"9WC3KE7QM41,616484,deposit,4585.91,GBP,2024-09-04,5:51 PM,5280,Online"
"1E00X61RR62,30729,debit,3425.24,USD,2025-03-24,5:48 PM,7243,Online"
"9F08JP4WT07,610808,withdrawal,5324.63,MAD,2024-06-24,4:58 AM,8103,Branch"
"9GU5YU0DA57,22562,debit,2545.55,MAD,2024-11-25,4:29 PM,574,Mobile App"
"1XR5JC5NC05,824931,deposit,5607.25,USD,2024-10-27,7:58 AM,2639,Branch"
"7WD0NC4NN67,96183,deposit,5311.76,GBP,2024-07-27,9:57 AM,9120,Branch"
"8D72UE5KJ67,742233,debit,7500.84,GBP,2025-01-31,6:43 PM,3172,POS"
"6WA0GV2KJ53,67167,deposit,6165.3,MAD,2024-05-29,11:11 PM,32,Mobile App"
"9FE8YD2TC16,842551,debit,4765.72,GBP,2025-02-19,1:28 PM,4558,POS"
"9EP0X18CQ21,84524,transfer,220.82,EUR,2024-11-07,3:39 PM,1992,Branch"
"9WQ4RQ3KM20,571120,deposit,6519.08,USD,2025-01-01,11:50 PM,6352,Branch"
"7JA3AU8QG20,584055,credit,6663.8,GBP,2025-03-20,12:21 AM,4199,Mobile App"
"4N75XM1RQ38,299041,credit,9981.78,EUR,2024-12-05,6:32 PM,4318,POS"
"5N31FE3RG99,837456,deposit,1971.16,USD,2024-07-10,3:32 PM,9418,Online"
"5XC7VX7MH59,819493,credit,7175.25,MAD,2024-08-28,6:22 AM,2176,POS"
"9FY1J16UT81,411276,withdrawal,6196.31,USD,2024-08-15,5:06 AM,4032,ATM"
"2JK2D70RR56,667629,debit,9296.57,MAD,2024-11-19,10:15 AM,9613,Mobile App"
"1YW1MP7HR26,874816,transfer,9357.31,USD,2025-04-12,1:44 AM,347,Online"
"2FK8Y18KA97,876379,credit,5351.24,GBP,2024-11-25,11:26 PM,7552,Mobile App"
"8PX0HJ0WP94,937235,transfer,4381.19,MAD,2024-07-18,7:25 PM,6471,Mobile App"
"9KP2KV2RJ14,325554,withdrawal,3845.1,EUR,2024-06-20,7:44 PM,7655,POS"
"1NN7A22KV82,264542,deposit,1535.14,USD,2025-01-20,2:59 PM,3366,POS"
"8HN2HF2TH96,539609,deposit,8074.25,USD,2024-12-10,4:22 AM,1128,Mobile App"
"7CC2DT9UV78,49393,debit,7830.71,MAD,2024-05-06,3:55 AM,4208,Mobile App"
"4P35XU2NF10,843933,withdrawal,6038.73,USD,2025-03-26,4:50 PM,194,Branch"
"4GE9EH3XQ67,102037,deposit,8418.53,GBP,2024-05-09,9:08 AM,7207,ATM"
"2X16PK8GK91,961431,credit,4894.48,GBP,2024-10-17,10:49 PM,6318,Branch"
"1F16A95TT26,678822,deposit,6150.37,MAD,2024-12-20,12:17 PM,5674,Online"
"3R14NH8WR84,835539,withdrawal,5531.04,MAD,2024-11-13,11:44 AM,5471,POS"
"2M42QM1YT65,376182,transfer,4342.31,GBP,2025-04-20,1:28 PM,9384,Mobile App"
"2HW4U03UN31,326674,withdrawal,5780.52,EUR,2025-04-11,9:16 AM,1649,Branch"
"4P66H04VX16,171602,deposit,1227.82,USD,2024-10-11,4:05 AM,6818,Branch"
"5R66PM9VJ14,830433,transfer,1015.72,MAD,2024-09-30,1:09 PM,3419,Mobile App"
"4UR6FU9JC55,310161,deposit,6673.14,EUR,2025-04-17,8:07 PM,7655,Branch"
"1PX6F02RG12,449710,deposit,3867.47,EUR,2025-03-21,12:10 AM,6916,Branch"
"9VN2HR8QM03,342464,debit,2342.0,USD,2025-03-28,9:12 AM,7679,Online"
"9GA1CP8FR67,854643,withdrawal,122.98,USD,2025-04-02,7:35 AM,1831,Branch"
"3UV1N47WX23,893756,debit,7225.37,USD,2024-10-24,10:15 AM,3032,ATM"
"3X65N01PH99,58886,credit,5330.97,GBP,2024-11-03,5:16 PM,7021,Branch"
"3W07KC6PE52,324640,transfer,1293.69,MAD,2024-10-26,10:16 PM,3203,ATM"
"8P63TJ3TY00,659899,deposit,1782.47,GBP,2024-12-02,12:28 PM,902,Mobile App"
"8U62UC0VR65,240906,credit,4935.45,USD,2025-03-20,1:53 AM,6451,Branch"
"2TX2R87GD77,750736,withdrawal,5774.45,GBP,2024-06-05,9:53 AM,7906,POS"
"7QJ7X55EU66,242823,credit,9701.02,GBP,2025-03-30,5:12 AM,772,ATM"
"5JY8X27UH08,246985,deposit,4163.81,USD,2024-12-29,12:54 PM,9448,POS"
"5AX4U63YQ79,577514,credit,1598.84,MAD,2025-03-29,5:24 AM,7071,ATM"
"4YA9TT7PD60,167230,deposit,5489.26,GBP,2024-09-27,10:21 PM,1790,Online"
"4YM9AN2QG92,967738,credit,4096.05,MAD,2025-02-15,7:13 PM,4656,POS"
"6X87K15TH86,615057,transfer,994.45,MAD,2025-01-06,9:41 PM,4556,Mobile App"
"2V39TE5NM48,167238,withdrawal,6827.73,MAD,2024-06-17,10:07 AM,8294,ATM"
"1CF0UD4UC52,867575,credit,4707.79,MAD,2024-08-14,9:02 AM,3756,ATM"
"5W07CK8EW71,317775,debit,3489.63,MAD,2024-09-14,12:30 AM,6815,Online"
"7GT1RA9YV11,818498,withdrawal,8018.26,MAD,2024-11-18,4:46 AM,5834,ATM"
"5JN2TE5WR03,466779,withdrawal,6829.33,EUR,2024-05-26,9:07 AM,5475,Mobile App"
"7P33YF6AC24,381176,credit,5384.9,EUR,2024-10-03,4:48 AM,3080,Online"
"4WT4C25RW04,711830,debit,9431.1,MAD,2024-09-26,5:20 PM,2542,Branch"
"2N32MF4GF39,510366,withdrawal,7841.56,MAD,2025-02-24,6:31 AM,6475,Online"
"9R87TG2JT27,106687,debit,1379.57,EUR,2024-12-22,4:27 AM,5381,Online"
"8VX9PC7WV78,687156,withdrawal,2966.61,EUR,2024-10-14,9:06 PM,1551,Branch"
"7D29XA7HG08,921903,credit,6245.32,GBP,2024-12-04,9:51 PM,4913,ATM"
"8V17JC1WT47,677685,withdrawal,1505.05,EUR,2024-06-09,7:23 PM,1748,POS"
"9JT3WA3UU23,212992,withdrawal,7053.79,GBP,2024-08-28,6:24 PM,3343,POS"
"9CX8JE3AQ67,142703,debit,2791.16,GBP,2025-03-13,10:22 AM,285,Mobile App"
"2WA8EQ8HR16,400874,credit,4740.94,USD,2025-02-13,8:07 PM,5732,POS"
"5GC8G26XK65,665968,deposit,386.61,EUR,2024-10-05,6:11 AM,4130,Branch"
"2M09MC0AQ62,83663,credit,5675.37,MAD,2025-01-09,9:30 PM,405,Online"
"3YK6PM6VX60,927572,deposit,8266.91,EUR,2025-01-02,9:10 AM,4698,ATM"
"8Y49QX2YA25,659144,credit,2848.58,USD,2025-01-07,9:20 PM,4686,Mobile App"
"4WW9J20RH92,257645,credit,2634.33,MAD,2024-11-25,12:31 PM,3567,ATM"
"5E61CC1NQ60,648268,deposit,4665.44,GBP,2024-10-11,6:33 AM,703,Online"
"6FW3JM9XW25,125919,withdrawal,239.53,MAD,2025-02-27,1:44 AM,482,ATM"
"9MC3JV8MF85,961916,credit,8338.97,USD,2025-02-17,4:33 PM,4390,Branch"
"7K03HU8XE43,849094,debit,7984.82,EUR,2024-06-02,4:24 PM,7836,POS"
"6VX0QX7NA99,346287,withdrawal,5857.4,EUR,2025-02-20,7:36 PM,6083,Online"
"7J15T33GV90,281543,credit,8783.19,GBP,2024-12-14,1:07 AM,786,Online"
"3JR0K57JY17,333880,deposit,8880.45,GBP,2025-02-11,5:26 AM,3853,Online"
"4W29GJ8JD90,865798,transfer,8324.55,EUR,2024-07-19,10:31 PM,6630,Branch"
"2J83H94PC82,346705,withdrawal,4359.4,USD,2024-05-28,6:55 PM,333,POS"
"2RG9HU9DF93,169694,debit,641.13,USD,2024-06-06,12:33 PM,1470,Branch"
"3X98YV7QF06,713174,transfer,5482.18,GBP,2024-10-06,6:39 PM,5615,ATM"
"1DX6TH2DA89,141387,debit,9207.26,EUR,2024-12-12,10:31 AM,7381,Online"
"5YW5DN7MU02,415158,debit,9671.12,MAD,2024-12-28,5:16 AM,3187,Online"
"3C88QX6NF85,26876,deposit,1513.68,MAD,2025-03-17,2:54 PM,1172,POS"
"3FK7JP8NV73,780001,credit,4343.14,GBP,2024-09-05,8:40 PM,7393,Branch"
"2QU7Y49HX53,65240,deposit,2997.35,USD,2025-02-26,5:20 AM,4780,Mobile App"
"7U36QW4VC39,974116,transfer,9176.58,EUR,2024-12-14,2:25 PM,5588,ATM"
"4A07MK5WH53,899280,transfer,6371.96,EUR,2024-12-16,2:31 AM,4909,Online"
"3JJ7U83GX98,837062,credit,9237.45,USD,2024-10-02,11:03 PM,6795,Branch"
"5ET4RY3GR35,98971,withdrawal,9332.44,EUR,2025-04-02,4:50 PM,9170,ATM"
"3DY4UG8MK33,393415,credit,2394.34,GBP,2024-07-26,8:59 PM,1527,Mobile App"
"6V81RX8ED10,68578,debit,1216.78,MAD,2024-07-12,7:43 AM,2278,Branch"
"1A76Q80XM63,397704,withdrawal,8687.42,USD,2025-03-04,12:48 PM,570,Mobile App"
"8EF5RU2HC16,63665,withdrawal,8126.47,USD,2024-11-09,5:00 AM,8595,Branch"
"9Y46CW8RW92,76310,withdrawal,6146.06,EUR,2024-09-16,11:38 PM,3327,Mobile App"
"3YN1QR3YJ10,476247,withdrawal,4874.68,EUR,2024-08-22,6:44 AM,5956,Branch"
"6XU1DH5XM54,541459,deposit,1953.06,USD,2024-08-29,5:22 AM,8485,Online"
"2GH1MR6VW01,554813,debit,5432.57,MAD,2024-11-03,9:57 AM,5288,Online"
"1FQ3T02YT83,313664,credit,3510.03,MAD,2024-05-19,4:54 AM,8643,POS"
"9HA2MX4YN46,637965,debit,5107.24,EUR,2024-10-28,6:25 AM,1907,Mobile App"
"5E84K82QV55,522670,withdrawal,2694.64,USD,2024-09-08,9:46 AM,7711,ATM"
"8UQ0TU8KF25,735883,credit,7810.19,EUR,2025-04-13,4:01 PM,1635,POS"
"2KR9GA8RT57,959826,deposit,5831.47,MAD,2024-11-23,2:13 PM,8261,Branch"
"4WQ5KH0ED71,167594,withdrawal,4431.3,GBP,2024-05-07,8:10 AM,5543,POS"
"5RY9X30QT64,219773,withdrawal,5979.45,USD,2024-06-05,6:57 AM,1360,ATM"
"4N21E08AW48,969446,debit,9640.34,MAD,2025-01-03,10:07 PM,285,Online"
"5K29TA3AD76,959599,debit,664.91,EUR,2024-10-04,5:04 PM,9066,Branch"
"5VN1NE5WR83,796363,credit,8985.29,EUR,2025-04-03,3:02 AM,6661,Mobile App"
"2QV4EC5PD43,595096,withdrawal,421.6,MAD,2024-05-19,7:44 AM,7635,POS"
"9C79QG3KT77,241811,transfer,7154.53,GBP,2025-01-21,10:50 PM,7488,Online"
"8HK8YN1CT00,56861,credit,2282.87,MAD,2024-09-27,7:25 AM,963,POS"
"1MK2E63AF44,836106,debit,6903.57,MAD,2024-06-04,7:36 PM,1816,Branch"
"5R61U13VT02,598500,deposit,5182.72,MAD,2024-11-13,9:26 PM,9048,POS"
"9U77XW7TM35,388123,transfer,2430.5,GBP,2024-05-28,4:12 AM,2004,POS"
"6A39T69QY39,751187,withdrawal,7517.05,USD,2024-12-15,7:40 AM,5788,ATM"
"6WE4TG7AW11,226143,debit,9320.34,MAD,2025-01-17,9:08 PM,4870,ATM"
"1EU2WV8TA11,561071,credit,6010.07,GBP,2025-03-25,5:40 AM,9154,POS"
"5XF6E25GQ32,88421,debit,4055.2,GBP,2025-02-01,12:30 AM,9462,Mobile App"
"9KP9U68GK72,357870,withdrawal,8066.46,USD,2024-09-17,3:46 PM,1244,Branch"
"4PW0KX0WY51,889481,credit,6147.77,USD,2024-06-23,8:44 PM,3583,Branch"
"4D56N09UD06,517080,withdrawal,2161.47,EUR,2025-02-06,11:37 PM,5452,Online"
"2Q32MW2XH12,353539,withdrawal,5107.65,GBP,2025-03-09,10:50 AM,662,POS"
"1A52E22XE93,852160,deposit,1017.92,EUR,2024-07-17,9:13 AM,8220,Branch"
"9QF4QH2PU21,401318,deposit,6492.92,EUR,2024-06-07,1:25 PM,1132,Branch"
"4FA1VX6HM63,724672,credit,3423.48,GBP,2024-05-22,11:44 PM,4547,Mobile App"
"6P43T99UX74,218089,debit,1253.83,GBP,2025-03-26,2:52 AM,9023,ATM"
"3D82RD5AE64,514805,debit,2619.94,USD,2024-10-05,8:03 PM,2124,ATM"
"9VT7QV6QM51,276520,transfer,6332.03,GBP,2025-03-31,1:30 PM,7229,Mobile App"
"3JM3GF9WK94,398097,deposit,1434.22,EUR,2024-08-13,4:31 PM,306,Branch"
"1M44YP5CX63,664492,transfer,6492.55,GBP,2024-07-24,2:30 AM,814,POS"
"4UH1NP9XM24,822807,deposit,9475.76,USD,2024-08-17,2:07 AM,6536,Branch"
"2DJ0K80AA86,902917,credit,9055.65,GBP,2024-05-25,11:57 AM,5198,Mobile App"
"8DY1QD3TM76,462191,withdrawal,9859.38,EUR,2024-05-19,11:21 PM,107,Mobile App"
"4PT7PG1KX03,308202,withdrawal,2000.82,USD,2024-09-17,9:51 AM,8143,ATM"
"2KV4QR2TA65,198315,debit,138.13,GBP,2024-08-01,12:43 AM,4499,ATM"
"3A30RD8KK23,895199,credit,2986.09,USD,2024-12-31,10:24 AM,2903,Online"
"5K91YD7UK26,65707,withdrawal,1710.34,MAD,2025-03-27,12:50 AM,5786,Branch"
"9U77NF2XC55,592873,deposit,755.81,MAD,2025-04-06,10:26 AM,3251,Mobile App"
"8RH4MC4GH91,970741,debit,6659.76,GBP,2024-10-13,11:18 PM,196,Mobile App"
"4DC1H56WC13,521085,transfer,3266.39,USD,2024-08-26,4:30 PM,3139,Mobile App"
"8RM2F57AD56,909600,debit,9563.35,USD,2025-02-15,5:14 AM,1265,ATM"
"6NR8T05HJ54,860945,debit,5918.91,GBP,2024-11-25,4:15 PM,6059,Online"
"1MR8WY8NG44,132120,debit,8300.94,GBP,2024-10-19,5:26 AM,7685,POS"
"6EE3M46KH08,522337,deposit,7863.59,EUR,2024-07-23,2:10 AM,1451,Online"
"9AY5RQ7YG73,529442,credit,2913.32,MAD,2024-10-14,9:05 PM,6598,Online"
"9HW3XV4YV82,987496,debit,7211.96,EUR,2024-11-12,8:09 AM,7945,Branch"
"7WC0JX3NE97,423146,credit,9994.87,EUR,2025-03-20,4:15 AM,8908,POS"
"1PP8D53FK83,447048,credit,7810.69,GBP,2024-09-08,5:53 AM,1756,POS"
"9E84JC7FU17,194203,debit,7056.46,MAD,2025-02-16,6:17 PM,113,POS"
"6QU6VG8PC39,12020,transfer,9514.04,MAD,2025-01-01,9:24 AM,9144,Online"
"8D87TV2WJ50,373858,deposit,8969.17,EUR,2024-06-02,5:46 PM,1613,Online"
"3J75GX4AK79,826368,withdrawal,9846.31,EUR,2024-07-23,12:21 PM,3627,Mobile App"
"4H41N74PF09,325228,withdrawal,4645.61,MAD,2025-03-11,7:11 AM,2615,Online"
"5AY6YC4CR97,618287,debit,6929.7,USD,2024-08-24,2:39 PM,8856,ATM"
"2NG1Q07WC10,737730,withdrawal,3432.04,MAD,2025-02-28,1:55 AM,2832,Branch"
"4VD8QV5HD91,965487,deposit,4921.48,MAD,2025-02-17,12:49 PM,6282,POS"
"8AQ3V34JW15,990576,deposit,8173.49,EUR,2025-02-16,3:21 AM,9278,Online"
"8K77T57HP95,589506,deposit,5542.27,EUR,2024-07-25,11:49 PM,3782,ATM"
"9P54TF8CQ60,190045,debit,4614.31,GBP,2024-05-20,5:32 PM,9043,Mobile App"
"1E65VG7YH26,53758,credit,8072.85,GBP,2025-01-09,12:48 PM,3000,Online"
"8N62KP5HE57,642244,debit,6367.73,USD,2025-02-28,10:01 PM,8533,Branch"
"2GE9A01VJ76,816989,transfer,3847.78,EUR,2025-01-10,9:58 PM,3156,POS"
"2HT6NN8HN86,692472,debit,8774.14,GBP,2024-05-17,6:39 AM,7078,Branch"
"6KM8W09NR10,967861,debit,7930.31,USD,2024-11-06,5:12 PM,7594,ATM"
"3VK5GQ5RX48,276158,transfer,1722.76,USD,2024-10-15,2:53 PM,4412,POS"
"6HX7J57UW52,605309,debit,7029.56,GBP,2024-07-01,2:41 AM,3185,POS"
"7PD5KQ7WW21,266676,credit,6643.79,USD,2024-10-16,9:57 PM,9069,Branch"
"5EC6EA6MF13,709493,credit,1144.06,GBP,2024-10-20,7:04 PM,4628,Branch"
"6UY6KD4FF80,400180,credit,5304.84,EUR,2025-03-16,8:15 AM,2638,Online"
"6V47KV6WJ08,438836,debit,4556.99,MAD,2024-11-25,1:26 AM,483,Branch"
"8TX2AP5PJ50,715756,debit,743.37,EUR,2024-12-22,9:38 AM,5832,Branch"
"7PF6GQ0WY39,207031,transfer,441.75,MAD,2024-12-06,3:53 PM,790,Branch"
"5PH3UC8NC15,684592,withdrawal,7390.7,GBP,2024-06-26,10:13 PM,3514,ATM"
"4PE3UU4TM57,135696,deposit,4936.2,USD,2024-06-29,6:12 PM,5486,Online"
"5RH3PQ8AA15,427446,deposit,1636.15,USD,2024-05-08,11:49 AM,8478,ATM"
"1UW8G28XE23,321113,deposit,1495.87,EUR,2024-09-21,8:29 PM,8705,Mobile App"
"4F75AP3FP99,573935,deposit,7038.37,EUR,2024-06-03,1:25 AM,9652,POS"
"1PD6RM4CU17,304345,deposit,3146.76,GBP,2024-10-13,11:12 PM,4238,POS"
"8EN5H23JX73,401628,deposit,5614.54,GBP,2024-11-28,7:49 AM,171,POS"
"9T21V07XE86,240257,credit,8477.44,GBP,2024-05-03,6:18 AM,2455,Branch"
"5G98EN5WT62,322274,transfer,9177.48,EUR,2024-08-28,10:39 AM,8161,Branch"
"6T00F60EW45,58003,debit,166.43,GBP,2025-01-02,7:36 AM,6741,ATM"
"6K06G66XE93,270829,deposit,2605.24,GBP,2025-03-13,9:21 AM,9840,Mobile App"
"9W28JW9MT04,229615,deposit,6820.73,EUR,2024-07-22,9:37 AM,8535,ATM"
"2F55CA2AX98,324140,transfer,4331.18,EUR,2024-10-23,9:36 PM,4517,ATM"
"1QT1HM2WT77,497552,transfer,3159.66,GBP,2025-01-02,7:08 PM,9415,ATM"
"1PJ4CW7XX39,741756,transfer,7173.15,EUR,2024-07-10,6:46 PM,7460,Mobile App"
"1WM7G73YF88,807388,debit,3849.76,EUR,2024-08-01,8:54 AM,2118,Branch"
"6E84QH7VK66,311224,deposit,197.49,MAD,2024-11-23,2:49 AM,5503,Branch"
"8YX0QG1JP42,56080,debit,116.34,MAD,2024-06-19,4:54 PM,2610,Branch"
"9J30F96EA18,387821,withdrawal,3873.65,EUR,2024-11-19,7:00 AM,2981,Online"
"6FT1K91CK41,519548,transfer,8671.12,EUR,2024-11-05,10:56 AM,2182,ATM"
"3R14EE3VP38,567049,debit,3506.18,GBP,2025-04-17,9:47 PM,7000,Branch"
"9GU1YH2RC75,554995,withdrawal,8177.4,EUR,2024-08-15,6:18 PM,8570,Branch"
"4JK5CT5ER37,348286,withdrawal,342.13,MAD,2025-02-12,7:08 AM,1411,POS"
"7WG0N67TF23,792043,debit,2359.96,GBP,2024-05-26,10:56 AM,2729,Branch"
"2MJ5TX7VE80,475243,credit,20.12,USD,2024-06-02,4:05 PM,9078,Mobile App"
"5N65KG3WU82,741956,debit,2910.76,GBP,2024-11-03,8:26 PM,8899,ATM"
"4JH9PT0YJ82,220933,withdrawal,8617.57,USD,2024-07-07,1:57 PM,115,Mobile App"
"3F48T07MH03,519436,debit,7547.48,EUR,2024-11-18,8:44 PM,8120,POS"
"4YF8QA4JY66,594057,deposit,4201.63,USD,2024-08-30,12:46 PM,1966,ATM"
"3K02PC8PY66,24021,deposit,6791.3,GBP,2025-02-14,1:21 AM,7675,Online"
"6XX9W05FN49,616204,credit,8848.83,EUR,2024-09-22,6:36 AM,5112,POS"
"5RU5G75MF37,605056,debit,5025.99,GBP,2025-01-15,12:02 PM,649,ATM"
"7R78AV1CA84,76577,deposit,8857.12,USD,2024-06-06,4:45 PM,4103,ATM"
"7A56MQ2VK83,532039,credit,9867.08,USD,2024-09-05,11:42 AM,8084,POS"
"3Y14AC6AV27,39858,transfer,5495.19,MAD,2025-01-29,10:41 PM,4771,Branch"
"3K46FQ6WA57,649816,withdrawal,4580.39,MAD,2025-02-10,11:34 PM,904,Online"
"4KM0DE0YD27,376330,withdrawal,4182.8,USD,2024-09-03,10:23 AM,6782,Mobile App"
"6WN5F27WK04,46189,debit,358.24,GBP,2024-07-10,11:44 PM,4870,Branch"
"6F99K09QR21,460892,transfer,9891.67,GBP,2025-04-07,7:41 PM,7786,ATM"
"1T77HF4YR84,580364,credit,9725.77,MAD,2025-03-07,9:25 AM,8351,Mobile App"
"2DP8V68TM73,774764,credit,7201.66,MAD,2024-09-22,6:08 AM,261,ATM"
"9VR4TF2FP41,583009,credit,7185.95,EUR,2025-02-04,2:32 AM,7912,Branch"
"9JG8Q25EV92,949120,debit,7376.34,MAD,2024-06-06,10:00 PM,5759,Mobile App"
"4EE0E36TE71,723388,deposit,6821.71,MAD,2024-08-17,1:18 AM,8989,ATM"
"8C26CM2NY95,973840,debit,3670.88,USD,2025-04-21,11:04 AM,3802,Branch"
"9AQ1X13RG17,230584,deposit,3557.64,MAD,2024-05-16,4:10 PM,6033,Online"
"2TT8YA9RX57,146075,credit,413.31,USD,2024-06-06,6:33 AM,5918,Mobile App"
"1WA7J79GM09,34273,credit,8657.6,GBP,2025-03-15,12:41 PM,6023,Branch"
"3Q82TY0GT85,734996,debit,4118.24,EUR,2024-11-08,11:37 PM,38,Mobile App"
"7X16VC2NM18,333416,credit,3430.29,GBP,2025-03-29,3:49 AM,4332,Branch"
"5Q71VF5EJ06,296894,transfer,8590.56,EUR,2025-02-04,1:13 PM,3192,Online"
"9WV3UA3AV59,747263,deposit,3367.81,GBP,2024-10-30,4:36 PM,125,Online"
"9GP1JR4PF45,602717,transfer,2240.12,USD,2024-09-15,9:33 AM,1934,Branch"
"7GR6WX2AD77,360231,transfer,8176.15,USD,2024-10-11,5:59 AM,8061,ATM"
"4DJ4TH8GP26,563662,transfer,4797.88,MAD,2024-06-13,9:22 AM,5140,ATM"
"7FC6EP0JR18,787585,transfer,3065.01,MAD,2025-02-19,9:34 AM,8137,Online"
"1U49J26EP90,567331,transfer,4228.18,GBP,2024-06-04,9:20 AM,5263,POS"
"7VR4RK4TQ55,274438,debit,4410.68,EUR,2024-05-14,10:52 AM,5710,Mobile App"
"8CD9R27NT45,381509,deposit,5741.89,MAD,2025-02-09,12:31 AM,8921,POS"
"8N93J78NG79,63505,deposit,3826.47,GBP,2024-10-06,7:27 AM,2625,ATM"
"3PC1Q17QP23,957815,deposit,8483.14,MAD,2024-10-16,6:30 AM,7267,Online"
"4RJ6V26EW26,500363,debit,4955.98,USD,2025-04-14,1:13 AM,9839,Branch"
"5F73KG7AJ83,152695,deposit,5956.55,MAD,2024-12-19,11:38 AM,4167,Online"
"5NM3CW2FA25,258816,debit,6453.99,EUR,2025-04-12,5:18 PM,2371,POS"
"7YD1FX6FY38,374576,credit,5639.8,USD,2025-04-17,2:59 AM,2095,ATM"
"1H39TE9UH59,658079,transfer,4926.63,EUR,2025-02-06,10:59 PM,6521,Branch"
"7W84K66WF12,624369,withdrawal,3646.14,MAD,2025-01-02,11:32 AM,5936,Branch"
"5MY3U77XF09,400400,credit,3631.97,MAD,2025-04-02,6:47 PM,1435,Branch"
"2M69W64ER07,163498,withdrawal,2218.69,MAD,2025-03-08,10:27 AM,2622,Mobile App"
"8K62H80DR78,479649,credit,5137.36,MAD,2024-05-10,5:45 AM,5212,Online"
"2GP1FK4KC21,65787,deposit,7805.9,MAD,2024-06-11,8:01 PM,566,Mobile App"
"9K96CF8FU66,220455,credit,6268.34,GBP,2024-11-01,1:54 PM,1312,Mobile App"
"7AF6UW3MH27,353607,transfer,2631.49,MAD,2024-05-24,5:30 PM,4064,Online"
"8KR6VY8JA98,194327,credit,7884.47,USD,2024-07-17,6:17 PM,5998,ATM"
"6F31Q62RP44,773758,credit,4848.37,USD,2024-06-11,12:30 AM,2347,Mobile App"
"6XU0QA2PF28,289608,deposit,2515.88,MAD,2024-04-29,3:54 AM,3066,POS"
"9XQ4QX4QQ83,116767,debit,6853.94,USD,2025-02-16,7:34 AM,1121,Branch"
"2YH3JU5PW60,223589,debit,8121.58,USD,2024-11-05,12:01 PM,8845,ATM"
"3YD9DE3MY22,383227,debit,4542.66,EUR,2024-08-26,12:33 AM,4022,ATM"
"2F64GK9QU90,337907,deposit,9279.34,GBP,2025-02-01,8:19 PM,9568,Mobile App"
"3G64DK2KJ54,80655,debit,1202.59,MAD,2024-11-02,5:40 AM,2266,POS"
"2WU2YU4UA59,728970,transfer,3127.13,EUR,2024-12-04,12:00 AM,6307,Mobile App"
"7F70AW6VN86,824359,withdrawal,7560.41,MAD,2024-08-05,7:26 AM,1602,Online"
"4PH6MC2FA35,960016,debit,6277.45,EUR,2025-01-17,6:21 AM,5430,POS"
"6X16E36TR85,257969,credit,5687.49,GBP,2025-04-10,10:10 AM,4050,POS"
"8RV4XH1CU02,62459,debit,3941.94,USD,2025-02-11,3:29 AM,6194,Branch"
"1FN7JQ9FH40,602131,credit,5381.62,GBP,2024-12-10,7:18 PM,65,ATM"
"3WU4FU4KW97,491046,credit,6708.74,USD,2025-03-01,7:52 AM,6041,ATM"
"4YP1RW8DT80,81065,deposit,4860.83,GBP,2024-06-07,7:33 AM,4998,POS"
"1XM6NA8JY69,219584,transfer,7032.29,EUR,2024-07-07,2:13 PM,3442,ATM"
"4HM6M15PY78,612560,withdrawal,8999.05,MAD,2024-08-09,1:54 PM,8581,POS"
"3Y13CJ2GY87,187529,transfer,1981.66,EUR,2024-11-30,7:14 AM,3524,Branch"
"6M80YP6CJ59,832924,debit,4550.61,GBP,2024-04-30,6:38 PM,9143,ATM"
"8XJ9QA3AV21,987978,deposit,9126.73,EUR,2024-12-05,2:31 AM,3680,Branch"
"3TY4QR2QC54,257662,deposit,5105.19,USD,2025-03-08,5:01 AM,347,Online"
"7Q64Q02XY30,517490,withdrawal,4657.54,MAD,2024-08-10,3:50 PM,3765,Branch"
"7RK4TM7CK72,390457,transfer,8247.41,EUR,2025-01-29,3:30 PM,3157,Mobile App"
"9QA0H06JX86,928340,debit,4424.49,MAD,2024-09-19,11:22 PM,6602,ATM"
"9R83D93JT18,150517,debit,7011.8,MAD,2024-06-08,5:27 AM,4369,Branch"
"5FT0EN5QR60,933856,withdrawal,5567.01,GBP,2024-07-09,10:30 AM,1073,POS"
"1FU0R01YV57,164211,withdrawal,6456.35,MAD,2024-09-11,5:00 AM,2837,Mobile App"
"5N38KG0JP73,140142,transfer,4712.73,MAD,2024-12-12,11:12 PM,562,POS"
"2N84FC8TR06,82443,withdrawal,6898.63,EUR,2025-04-08,4:47 PM,2626,ATM"
"3GK1XG1FD64,472953,debit,9265.45,EUR,2024-12-26,11:58 PM,3570,ATM"
"7JJ2UK6TM86,385998,deposit,9703.33,EUR,2024-06-17,1:18 PM,2384,Branch"
"4X20T95PG20,708760,transfer,1673.02,USD,2024-05-27,12:00 PM,8660,POS"
"6WC0YR0VN12,27100,credit,6640.24,USD,2025-02-09,6:44 PM,7276,POS"
"9WQ1H45VM47,313546,transfer,2306.37,EUR,2025-04-03,7:24 AM,9650,ATM"
"7W65TA4HU28,898791,transfer,6787.27,USD,2024-06-09,6:09 AM,6282,ATM"
"7EH0NW2EP38,642395,transfer,2800.85,EUR,2025-02-13,6:16 PM,7021,ATM"
"9WK6D21YU05,881863,deposit,2805.9,GBP,2024-05-04,12:41 PM,7166,Mobile App"
"6GM0MK9WR36,500932,transfer,9893.77,EUR,2025-02-20,6:31 PM,9468,POS"
"6CW6WG5NX23,99872,withdrawal,2888.16,MAD,2024-06-07,6:18 PM,3330,POS"
"7CG0MX9AJ81,207377,deposit,2053.92,USD,2024-12-06,2:16 PM,1565,ATM"
"9M90RY5YA40,945336,transfer,6795.6,EUR,2024-08-15,4:45 AM,27,Mobile App"
"7XK5Q58AT11,770279,credit,7029.69,EUR,2024-06-24,4:51 PM,8750,Branch"
"3G85C97FN92,506704,transfer,8569.82,EUR,2025-03-20,8:43 PM,4100,ATM"
"5TM8JF2DY21,616865,transfer,4343.19,MAD,2025-03-14,9:20 AM,7541,Mobile App"
"7XQ9Q19FJ35,587168,withdrawal,1310.25,USD,2024-06-21,9:06 AM,3017,Branch"
"2M51R08WW19,154648,withdrawal,8702.93,USD,2024-05-08,10:24 AM,9886,Mobile App"
"2UU9Q10WC79,912862,withdrawal,6534.81,EUR,2024-11-22,2:08 PM,7666,POS"
"1JW6EP7MG49,890345,withdrawal,2040.98,MAD,2025-02-06,9:44 PM,9640,Mobile App"
"7CH5M23AH77,254156,deposit,6166.14,EUR,2024-09-22,1:40 AM,2193,Mobile App"
"4TT5HW2GY04,808995,transfer,8370.46,USD,2024-05-25,8:02 AM,1912,Online"
"7GT8HD8MN03,923059,deposit,5985.15,USD,2024-07-06,2:11 PM,8765,Mobile App"
"3D88QW7DQ85,178538,withdrawal,6273.96,GBP,2025-03-28,2:05 PM,5596,Branch"
"9AX4G23HP95,550763,credit,8380.8,EUR,2025-03-24,11:47 AM,6290,Online"
"3NX6U59CE28,509214,credit,1618.86,GBP,2024-11-04,8:01 PM,5972,Online"
"5A34M21CP60,37204,withdrawal,2032.56,USD,2024-07-09,12:33 AM,2900,Branch"
"9Q97EE8HT85,711930,withdrawal,3625.75,EUR,2025-02-11,8:11 AM,4121,Online"
"2CM0CR1VH32,483036,deposit,403.32,USD,2024-12-17,12:37 PM,2817,ATM"
"7V54A39UR73,358048,transfer,6298.54,GBP,2024-05-12,10:34 PM,4272,POS"
"6U73EA0EH89,928627,credit,4871.49,MAD,2024-12-18,11:20 AM,1856,POS"
"9MC8EP9CP69,95061,credit,4940.27,MAD,2024-09-08,9:57 AM,1847,Online"
"9MW1R50GD29,743087,withdrawal,43.36,USD,2024-09-14,1:27 PM,3024,POS"
"3RG7F75WM51,883435,deposit,1892.99,EUR,2025-04-16,2:37 PM,8670,Online"
"5EM6KQ9DR92,420225,deposit,3393.84,MAD,2024-08-29,9:02 PM,2477,POS"
"8HG2P07XR21,841275,deposit,2926.53,USD,2024-11-05,10:03 AM,3218,Mobile App"
"2M59VV7GW32,735928,withdrawal,3064.5,USD,2024-08-17,12:14 AM,9536,Mobile App"
"4V81QE2GC11,365000,deposit,2520.95,USD,2024-10-27,9:53 PM,1614,Online"
"7K02Q92NR80,211369,withdrawal,7450.3,USD,2025-04-17,10:56 PM,4354,ATM"
"9X48F24NP19,883188,withdrawal,8411.0,MAD,2024-04-29,2:36 PM,9336,ATM"
"2UU0J20JR51,384428,transfer,3084.57,USD,2024-09-07,10:30 AM,4104,Branch"
"2JM8Q93WY94,737788,credit,2271.14,GBP,2025-01-27,6:00 AM,2528,Branch"
"3JR2D99JM19,329339,debit,6692.67,EUR,2024-10-23,11:30 AM,4782,ATM"
"2C38H19CA26,902249,transfer,7724.87,GBP,2024-08-28,7:43 PM,9822,POS"
"1P02VR9EM53,405126,debit,1855.74,MAD,2024-09-21,8:28 AM,2262,ATM"
"8U31UK7ND13,970895,credit,5868.74,MAD,2024-06-28,2:23 PM,8336,Mobile App"
"5X33WE5RX09,896151,deposit,6528.98,MAD,2025-02-02,10:33 PM,1341,POS"
"6NP1K19UU15,881762,credit,2333.91,USD,2025-01-19,7:34 AM,227,Online"
"8G96CH7XK01,696146,withdrawal,7175.61,USD,2024-12-02,9:24 AM,1516,ATM"
"4WQ3TW6VH46,35939,transfer,7408.18,USD,2024-07-01,1:52 PM,4137,Online"
"3GT9QX1NV29,138972,credit,4034.93,EUR,2024-05-27,6:47 PM,2506,Branch"
"5R25VC2GA61,138226,transfer,8225.26,EUR,2024-09-18,10:09 PM,2746,Branch"
"6XE6GA0MF83,729964,credit,4224.33,EUR,2024-07-23,8:19 PM,4225,ATM"
"9Y52U56QA17,947933,transfer,4390.76,USD,2025-03-13,4:03 AM,6980,ATM"
"3GM9W49XF78,439276,deposit,5568.67,MAD,2024-09-19,6:54 AM,9733,Mobile App"
"2QH2W21MG40,318877,debit,4575.99,GBP,2024-08-21,7:46 PM,1102,POS"
"7AD6G96AF05,508357,deposit,8408.13,GBP,2024-10-06,11:07 AM,7004,Mobile App"
"2WC9EX2KH89,852218,credit,1335.23,MAD,2024-10-21,4:46 PM,1145,Branch"
"7NW3KJ0XQ59,653712,deposit,1529.31,USD,2024-07-13,5:13 PM,6096,ATM"
"3P80NC3FA19,96187,credit,7917.3,USD,2024-12-31,12:43 PM,5865,Mobile App"
"8AG3F07UP23,997898,transfer,5834.46,USD,2025-04-14,8:53 PM,7461,Branch"
"1YR4TR2ND21,666130,debit,6729.85,EUR,2025-02-08,9:57 PM,1102,Branch"
"2X88XD0YV90,845960,withdrawal,7094.02,EUR,2024-08-01,4:56 AM,1980,Online"
"3EP9ED2EE08,767587,transfer,4439.7,USD,2024-08-30,1:33 PM,4910,Mobile App"
"8UA3JF3DJ78,990200,deposit,1668.26,GBP,2025-03-21,6:19 PM,4570,Branch"
"3FY6AC4DF56,586422,deposit,8882.69,GBP,2025-01-28,10:06 AM,9362,Branch"
"1PV6Q67JD83,538193,credit,1501.61,MAD,2024-12-14,7:48 PM,5983,ATM"
"4WP2CK7JH28,418759,withdrawal,9583.21,USD,2025-01-12,12:12 PM,5791,Mobile App"
"6UE0CM5HX12,380511,credit,6029.86,GBP,2024-12-02,6:19 PM,591,Branch"
"7CR2QC0HV89,110942,withdrawal,9174.14,EUR,2024-12-08,10:42 AM,9086,Branch"
"8X84CX7DW70,871321,debit,522.62,EUR,2024-05-03,6:58 PM,127,POS"
"2Q88T56QY54,862548,transfer,7797.59,MAD,2024-06-29,4:16 AM,8764,Mobile App"
"4PH2WT7AA85,113326,withdrawal,1238.71,EUR,2024-07-25,7:07 PM,9172,Mobile App"
"9PV1KQ5AH91,319183,transfer,5817.84,USD,2025-02-06,4:21 AM,3100,ATM"
"1QT9YK0XA70,325959,withdrawal,67.43,MAD,2025-04-01,5:01 AM,708,Online"
"9HH1T69FW49,628808,withdrawal,6282.22,USD,2024-08-01,7:22 AM,8336,Mobile App"
"8EC6YT6WD80,516454,transfer,6952.75,GBP,2025-03-25,4:08 AM,3826,Mobile App"
"1R25WQ7GH36,599097,withdrawal,5683.63,MAD,2024-05-22,6:15 AM,778,Online"
"7H58KG2EX34,852177,credit,3026.34,GBP,2025-01-24,12:10 PM,5302,Branch"
"2UY3NR1DP87,334977,transfer,9123.67,GBP,2024-05-19,9:41 AM,8850,Branch"
"5JG4MK2HW33,643034,deposit,383.53,MAD,2024-11-23,6:46 PM,9974,POS"
"5F64FJ0GM72,543504,withdrawal,6465.3,MAD,2024-12-28,3:08 PM,646,Branch"
"9P66NX8XP43,44821,transfer,1909.37,EUR,2024-08-13,4:14 PM,7724,Branch"
"6RE3AD8AG53,996580,transfer,5839.39,GBP,2024-05-20,5:48 PM,4538,Online"
"6A24PJ3FN34,97518,debit,5245.25,MAD,2024-09-08,9:25 PM,6273,Online"
"2NH6AF2QV15,12447,credit,7502.59,GBP,2025-04-21,1:25 PM,114,Branch"
"8RU6W53CX20,432139,debit,5352.2,EUR,2024-10-02,12:34 AM,6539,Online"
"4CQ7YH0TC30,292624,debit,1880.57,MAD,2024-08-21,12:01 AM,7357,Online"
"7MC0PX9HQ78,746816,transfer,6282.44,MAD,2024-09-28,6:23 AM,7485,Mobile App"
"8RQ2K23TJ34,149668,credit,3965.49,EUR,2024-08-22,6:36 AM,6515,Online"
"4XE9NU3NG81,578510,debit,3929.28,MAD,2024-11-17,3:35 PM,8044,Mobile App"
"1Q79DM1RJ66,880310,transfer,3987.36,EUR,2025-03-14,8:10 PM,2499,Branch"
"6XN1AU3DP94,263064,debit,4977.86,USD,2025-01-20,9:22 PM,5633,POS"
"4VP0YX1PM68,712918,transfer,1095.96,GBP,2024-10-04,3:53 PM,5283,Online"
"8CD6Q71QU49,386019,deposit,4521.29,USD,2025-02-19,6:29 AM,4506,POS"
"1D16C58XR60,452313,transfer,4750.42,EUR,2025-01-06,10:50 AM,8996,Branch"
"3KX1CV2ND68,286120,credit,1533.77,EUR,2024-06-03,8:31 AM,5313,Online"
"2TX1RQ0PU32,222238,deposit,6968.16,GBP,2024-05-25,3:00 PM,169,Mobile App"
"5PD8E24WG07,819845,withdrawal,2429.68,GBP,2024-09-02,6:59 AM,6371,Mobile App"
"9UQ5E85JY44,942156,credit,2338.16,USD,2024-04-29,5:08 AM,3940,Mobile App"
"7F50RN7HV26,273506,transfer,2203.5,EUR,2024-11-20,11:40 PM,3366,Mobile App"
"6YW7W34QJ19,994013,credit,5372.35,EUR,2025-02-13,1:59 AM,5129,Branch"
"5FA0DH3VQ20,897329,transfer,3962.0,EUR,2024-10-28,5:29 PM,6452,Mobile App"
"9EN1A50TC99,413503,transfer,3711.32,EUR,2025-02-02,8:30 PM,3585,Branch"
"1R27PT4NC22,616676,deposit,6729.97,EUR,2024-10-14,5:50 AM,1363,Mobile App"
"2TE1PU2YR99,588069,credit,8967.02,MAD,2024-12-14,10:05 AM,7856,Branch"
"6E49MD3VV60,906725,deposit,1557.85,GBP,2025-02-15,9:21 PM,7121,ATM"
"8Y34MK0KT58,807727,debit,7602.43,GBP,2024-10-22,10:24 AM,9362,Mobile App"
"5J84J81UX52,986938,credit,5180.98,MAD,2025-03-10,7:01 AM,8148,Mobile App"
"5R12NP2JH37,865476,credit,3827.45,USD,2024-07-08,5:56 AM,6202,Mobile App"
"7PE9WH4TG69,903871,credit,3182.66,GBP,2024-11-27,5:25 PM,6427,ATM"
"2UP6EW1EH25,107819,debit,8275.44,EUR,2025-03-05,9:17 PM,6367,Branch"
"2FJ5TY7DE22,661976,debit,6590.68,GBP,2024-09-09,2:26 PM,2559,Mobile App"
"2RX0X55CD37,323083,credit,2972.81,USD,2024-12-01,1:57 AM,6965,Branch"
"7MV9M96EW72,777271,transfer,8886.07,EUR,2024-11-03,2:29 PM,6030,ATM"
"4QA6UF5TY01,104319,debit,8304.75,MAD,2025-03-22,5:49 AM,2947,ATM"
"2XA7D00YM83,582972,deposit,6282.75,EUR,2025-01-22,1:05 PM,1313,Mobile App"
"9KM2XN5ER41,647685,transfer,1356.98,USD,2024-05-03,2:55 AM,1814,Branch"
"3R56R26YG53,208359,debit,9688.02,EUR,2024-07-06,12:37 AM,8876,Branch"
"9DH2A61NU51,404365,transfer,8640.12,GBP,2024-10-22,4:39 PM,1058,Online"
"4UR5CJ5KJ02,869439,debit,23.78,MAD,2024-09-04,5:37 AM,4175,Online"
"8VX0P21JQ68,484076,credit,7988.64,GBP,2025-04-07,7:49 PM,1902,POS"
"1E36M80XQ26,22543,credit,4438.4,GBP,2024-12-06,12:58 PM,2088,Branch"
"8XJ7MC7YJ86,59935,deposit,3125.74,GBP,2024-11-07,11:26 PM,4503,ATM"
"5Q14H26YM92,944271,transfer,5064.36,EUR,2024-12-25,11:50 PM,1639,ATM"
"3R67HC8TC83,517536,debit,2952.8,USD,2025-02-05,12:37 PM,9288,Mobile App"
"2HK7W76CG97,142632,deposit,7878.04,EUR,2024-11-27,2:20 AM,613,ATM"
"9GD5GC0JC07,459965,deposit,9133.0,USD,2024-10-16,8:40 PM,2210,Online"
"9J83YQ5JW93,892517,deposit,8428.96,USD,2025-01-28,3:13 PM,4611,Mobile App"
"8TA9XD3NC26,826674,debit,2541.98,USD,2024-07-02,12:10 AM,5833,POS"
"4NK6VR3XA00,152555,deposit,3973.55,MAD,2024-07-29,2:11 AM,5803,Branch"
"6UQ3D20CH95,874167,withdrawal,2844.52,GBP,2025-04-18,4:33 AM,1542,Online"
"7RR2Y93VD02,618075,credit,7831.49,GBP,2024-06-29,10:16 PM,5609,Branch"
"4W13ED5VJ18,74361,deposit,1613.46,USD,2025-03-26,1:47 AM,1536,ATM"
"2JW3NT8RG26,392668,transfer,3074.09,MAD,2024-12-05,3:13 PM,3901,Online"
"1T32F69WC87,752273,withdrawal,3695.94,GBP,2024-08-22,1:46 PM,7882,ATM"
"8YU1U23DR20,330374,transfer,5090.14,EUR,2024-09-23,9:51 PM,4728,Mobile App"
"7MX3EN2QD14,449687,debit,6179.66,GBP,2025-04-25,9:13 AM,1746,ATM"
"7MQ1DU1MC53,357242,deposit,9057.33,EUR,2024-12-26,8:46 AM,8724,Mobile App"
"5CJ2EA3FR87,934218,withdrawal,3230.58,GBP,2024-06-20,4:25 PM,9419,POS"
"5AE8MH9XU30,624347,debit,4214.81,USD,2024-08-23,2:51 AM,5869,Mobile App"
"9K16VU3TX20,585034,debit,8957.2,GBP,2025-04-20,1:56 AM,9073,Online"
"2Q04KM9UC08,689654,deposit,9696.83,USD,2025-03-10,10:17 PM,667,Online"
"7QC6FQ0FP70,67168,withdrawal,5083.26,GBP,2025-04-16,5:25 PM,8784,Online"
"7X11PJ6MV79,660375,withdrawal,3644.23,MAD,2024-08-28,7:08 PM,5262,POS"
"4CT9WW9FX25,563191,withdrawal,452.17,GBP,2024-05-30,1:42 AM,656,Mobile App"
"8GE9P91PK96,459099,debit,3916.99,GBP,2025-03-24,11:44 AM,4714,POS"
"5Y54M92CA96,693213,credit,1356.92,MAD,2024-11-03,2:55 AM,111,ATM"
"8K79U02AP96,662285,withdrawal,1421.55,EUR,2024-11-21,6:50 AM,3903,ATM"
"1ER3W05VR11,581020,deposit,3854.86,EUR,2025-04-23,2:39 PM,132,Mobile App"
"9UF1GQ3NX21,892960,debit,6339.31,EUR,2024-08-21,5:55 AM,8515,Online"
"5J73D26VU59,190894,credit,3213.94,MAD,2024-06-28,8:11 AM,8535,ATM"
"2K17V46CT41,468303,transfer,1286.73,USD,2025-02-14,6:18 PM,9415,Online"
"8W37JP3PD80,678251,deposit,8341.72,GBP,2025-03-11,3:10 AM,9101,Mobile App"
"7VM8QU5UP43,116236,credit,6083.11,MAD,2024-05-24,9:53 AM,4071,Online"
"8C22MF2YX69,534193,deposit,1307.75,GBP,2024-07-11,12:18 PM,4288,ATM"
"2XM0MA9UK44,496078,credit,3298.9,MAD,2024-12-29,11:19 AM,9738,Online"
"1VX3FH8CE38,614555,debit,2790.21,GBP,2024-04-27,11:50 AM,9305,POS"
"4HN3WV5ET55,704893,transfer,6034.27,MAD,2025-04-23,6:45 PM,915,ATM"
"8H80G82GC01,560630,debit,300.34,MAD,2025-03-06,2:42 AM,5992,POS"
"1WJ3KD2DM86,745859,transfer,8277.11,MAD,2024-08-25,6:42 AM,4191,Mobile App"
"2YG1M16NP85,113988,deposit,8732.63,USD,2025-02-09,8:25 PM,6458,Mobile App"
"4J09QH2UY68,387864,withdrawal,6974.39,GBP,2024-10-06,12:23 PM,7543,Mobile App"
"4T84F12AU76,430754,debit,6443.51,GBP,2024-10-04,1:51 AM,5178,POS"
"5J43QW2YA02,905580,transfer,6958.41,GBP,2024-11-15,9:45 PM,1001,POS"
"8VQ5DG4QP51,821036,credit,4478.38,GBP,2024-12-13,1:26 AM,9462,Online"
"7PJ6MT0EE30,916648,deposit,3857.83,MAD,2024-10-04,12:42 PM,41,Mobile App"
"8QP8D05TY92,452181,deposit,2237.88,EUR,2024-10-12,2:52 PM,8974,POS"
"2NY9XV3WF11,145188,deposit,3462.47,EUR,2024-06-03,11:17 PM,6765,ATM"
"9UX3RP7FW69,216760,transfer,8054.09,MAD,2025-03-16,1:09 PM,2245,ATM"
"2DA8YW6HR61,721910,transfer,1988.35,EUR,2024-04-26,8:24 AM,6038,Online"
"2K01NT0AF50,645172,credit,110.32,GBP,2024-11-22,8:52 PM,1960,POS"
"7QC3EU5RU88,599093,withdrawal,5975.06,MAD,2025-02-07,8:50 PM,3185,ATM"
"3A98KR5PT62,251632,deposit,2897.16,GBP,2025-03-23,8:44 AM,4342,ATM"
"1NV1YQ3EY12,221311,transfer,1533.19,USD,2024-09-03,7:24 AM,5956,Online"
"5E88UN1VP48,106753,deposit,9447.67,EUR,2024-12-29,10:59 PM,418,Mobile App"
"3YN3VG4PQ38,356655,deposit,2176.38,MAD,2024-08-15,11:20 PM,683,ATM"
"4U15D47AJ04,846445,deposit,8865.94,EUR,2024-07-12,8:31 PM,2951,ATM"
"2CX4P27QN43,956866,transfer,674.95,EUR,2024-11-29,4:29 AM,300,POS"
"2UA3MX0JA59,145477,transfer,5608.46,GBP,2024-07-19,4:40 AM,1593,Mobile App"
"7YM9MX4KN82,66330,debit,4511.41,EUR,2024-10-17,5:52 PM,7999,Branch"
"7YD8C33WT74,361614,withdrawal,8269.08,EUR,2024-08-28,8:30 PM,4151,Mobile App"
"8JU2QJ0JY01,255887,deposit,1543.49,MAD,2024-06-02,5:24 AM,2014,Mobile App"
"1K30NU6VC60,148701,debit,1976.34,MAD,2024-09-12,8:57 PM,4660,ATM"
"1VV1N91YE31,489399,credit,3815.25,USD,2025-04-02,2:37 AM,8235,ATM"
"7QV1UH2GP09,227733,credit,2721.01,EUR,2024-11-29,9:37 AM,5291,Branch"
"7G69N33FF10,28211,credit,4120.62,MAD,2025-04-18,11:42 AM,5801,Online"
"7NC9JH5NY54,89959,transfer,2975.65,USD,2024-09-06,5:04 AM,4030,POS"
"4FQ0Q45HW87,898031,withdrawal,73.05,GBP,2024-10-25,9:47 AM,2434,Mobile App"
"4WU8M97NT90,728086,transfer,1228.04,MAD,2025-04-12,9:16 PM,5882,Mobile App"
"6K02EP9HW10,391561,credit,1381.4,GBP,2024-10-14,5:56 AM,8885,ATM"
"9UU8G26HQ42,721069,transfer,1799.46,EUR,2024-10-05,12:04 AM,6886,POS"
"2U23U82TH39,27540,debit,4414.08,MAD,2024-05-08,10:33 PM,8558,Online"
"2HP3F42ET78,603242,withdrawal,5510.67,USD,2025-03-01,12:25 AM,3286,Branch"
"6NQ4RD3GT81,659894,deposit,5739.51,MAD,2024-11-03,11:31 AM,308,ATM"
"8GH0EM5CX19,110439,credit,5323.39,EUR,2024-06-18,9:21 PM,5648,ATM"
"9T43FU1TX50,402465,debit,6514.8,GBP,2025-02-23,3:10 PM,5989,Branch"
"2WV6N58HT51,539578,credit,2194.91,GBP,2024-05-20,3:37 AM,3859,Branch"
"2YM0DT1CP48,919337,transfer,7257.98,GBP,2024-07-18,8:59 AM,1019,POS"
"9AX0YM0XU86,75592,credit,5979.63,EUR,2024-10-29,9:03 PM,2213,Mobile App"
"5WH2K54UG78,660162,transfer,4150.18,EUR,2025-02-01,5:33 AM,9934,POS"
"2J75CF8KP64,360056,credit,1479.01,MAD,2025-01-20,8:32 PM,6544,ATM"
"8VR9J35TR53,694898,transfer,6218.28,GBP,2024-11-05,2:27 PM,3233,Branch"
"3R30CC8ED76,443986,withdrawal,4244.77,MAD,2025-02-05,5:56 AM,9282,POS"
"2U98Q61EF66,377454,debit,7218.75,MAD,2024-12-29,2:22 AM,357,Mobile App"
"5EQ6F00WR92,860205,deposit,2309.24,USD,2024-11-07,2:02 PM,9812,Branch"
"9HK2QX3ED44,362105,debit,2239.92,USD,2024-08-25,5:35 PM,8117,Mobile App"
"2JW7QT2XT77,465900,deposit,603.91,MAD,2025-02-15,2:16 AM,3980,Branch"
"2CW2T20UE42,431362,debit,7141.08,EUR,2025-03-11,9:05 AM,6934,POS"
"2A33WN4PX94,990366,withdrawal,6135.83,EUR,2025-02-17,3:53 AM,1755,Branch"
"9VD8D98XV46,492873,withdrawal,9604.9,MAD,2024-05-31,3:54 AM,7985,ATM"
"9QM3VE7JJ89,567496,credit,913.76,MAD,2024-11-04,10:24 PM,1995,POS"
"6E55CV0TV17,80306,debit,3457.68,MAD,2024-10-18,7:24 PM,551,Branch"
"9MC0C46QD99,171634,withdrawal,9063.0,MAD,2024-10-04,12:22 PM,6416,Branch"
"2F15DH6UG38,486111,withdrawal,1703.11,USD,2025-04-04,8:44 PM,3461,POS"
"6N65E42MF44,654245,transfer,1101.18,MAD,2024-09-14,6:23 PM,8225,ATM"
"6XR3WW9XR20,39434,debit,7889.98,EUR,2024-12-05,7:29 AM,8970,Mobile App"
"9TK4E81HQ61,801476,transfer,6397.6,MAD,2024-05-15,4:54 AM,8947,Branch"
"7X56KG5WX84,915068,credit,1587.3,USD,2025-01-04,12:50 AM,3374,Branch"
"4VN1Q49CG74,367216,withdrawal,8773.0,USD,2024-09-17,8:34 PM,1313,POS"
"2HX6W98UN60,140891,withdrawal,8836.31,USD,2024-12-16,1:09 PM,1473,Mobile App"
"5A42K69TT30,187780,transfer,8127.9,MAD,2024-12-09,5:25 AM,4454,Mobile App"
"5H47VG3MU18,82118,withdrawal,3828.1,GBP,2024-08-17,7:14 PM,5264,ATM"
"7Y38KN5NJ88,818827,deposit,7647.44,MAD,2024-12-15,5:38 PM,9851,POS"
"6KR8Q15DW25,374243,transfer,8528.46,USD,2025-03-17,11:32 PM,6147,POS"
"9FT3N95XK30,643485,transfer,4931.8,EUR,2024-10-23,10:21 AM,2644,POS"
"5CA6U86UM35,539938,credit,1081.09,EUR,2025-04-11,7:16 PM,2451,Online"
"4RG5HP8NJ93,236800,transfer,1802.49,EUR,2025-02-26,5:03 AM,5422,Branch"
"4G60K20HQ35,356568,deposit,492.68,USD,2024-05-28,5:33 AM,1128,Mobile App"
"8GF5P11MP72,947033,transfer,1561.55,MAD,2025-01-27,10:00 PM,6035,ATM"
"4EW6AE4CT04,793494,debit,26.02,EUR,2025-04-20,2:42 PM,1269,Branch"
"7AP9HJ8FJ35,285370,deposit,5926.28,USD,2024-10-01,10:02 AM,8613,Branch"
"6VR6KQ9WU55,162613,debit,2482.75,GBP,2024-08-14,7:33 PM,6506,Mobile App"
"7G76E91FT79,861572,withdrawal,243.22,USD,2025-03-12,8:02 AM,3032,Branch"
"8MK5HA3HF90,524536,credit,3075.97,MAD,2024-07-13,1:52 PM,824,POS"
"3K61XH2XE97,366062,deposit,5274.89,USD,2024-06-12,2:30 AM,5931,POS"
"4MP3UE7WM15,84847,deposit,2241.43,GBP,2025-02-05,6:38 PM,8059,Mobile App"
"8H08WE0GJ20,339447,credit,980.48,GBP,2024-12-26,6:48 PM,8510,Online"
"8V76T03DJ08,874390,debit,8771.99,USD,2024-06-14,4:08 PM,4258,Branch"
"4VY1G97TY65,420125,withdrawal,9516.05,EUR,2024-10-27,5:06 PM,8054,POS"
"3VP2K49CF51,684813,deposit,4217.75,GBP,2024-10-23,1:39 PM,6776,Mobile App"
"3A14RV3VY18,318136,transfer,7005.0,GBP,2024-09-08,2:26 PM,8963,POS"
"6NY4F74DG93,617619,transfer,2569.09,EUR,2024-10-16,12:20 AM,3511,POS"
"6CV9JJ4YM06,845206,credit,6016.82,EUR,2024-05-03,12:49 AM,7797,POS"
"7KN1DP4PJ87,396827,withdrawal,6806.89,MAD,2024-11-08,5:49 PM,6571,ATM"
"7W82N61MV26,202980,transfer,3735.07,MAD,2025-03-02,6:04 AM,5650,Online"
"2PE7XJ0GP33,546424,credit,5475.57,USD,2024-06-17,2:41 PM,1023,ATM"
"8EP6WG6QH75,400549,deposit,3958.68,USD,2025-01-25,2:51 AM,7284,Online"
"7QN6GR2UY79,404186,withdrawal,4438.56,MAD,2024-06-02,8:45 PM,3426,POS"
"3TD8VQ2JW55,890222,debit,2874.06,USD,2024-05-07,3:21 PM,3348,POS"
"4NC3E98YT42,14368,withdrawal,2635.92,GBP,2024-05-04,2:38 AM,3307,Mobile App"
"4C90W27CY53,874342,deposit,9045.3,MAD,2024-07-16,11:14 AM,7297,POS"
"7VH5YX7JT19,119648,transfer,9749.24,EUR,2024-12-19,4:43 PM,1402,Mobile App"
"2EW8WJ8VC71,345720,deposit,7098.16,GBP,2024-12-17,3:23 AM,8427,Mobile App"
"5YN7E00CD60,862272,withdrawal,2962.03,MAD,2025-04-03,7:07 PM,4708,ATM"
"5F81XH7UR81,618949,deposit,6863.62,EUR,2025-03-27,9:48 AM,8472,POS"
"9NP7HE8CK09,932155,withdrawal,2474.8,USD,2025-03-21,8:36 AM,8199,Mobile App"
"4WJ7PC5KM49,385258,transfer,6642.97,EUR,2025-01-27,9:49 AM,6962,Mobile App"
"2WF4YT8PJ56,366625,deposit,2916.08,GBP,2025-01-04,2:00 PM,436,ATM"
"8JM5VX9XQ40,993369,credit,1233.49,GBP,2025-01-22,8:53 AM,9789,Online"
"3D65JE5EV77,76067,deposit,1040.44,USD,2025-01-21,8:08 PM,5728,POS"
"2RH1JE1PE70,570660,credit,2965.48,USD,2024-04-28,6:19 PM,5864,ATM"
"3C60R87JE44,638628,credit,6461.47,USD,2025-03-13,3:55 PM,5536,Online"
"5KD2WR5NX29,364286,credit,5904.32,MAD,2024-06-09,8:27 AM,2122,Online"
"5GC1WD5PR66,899987,credit,7297.95,USD,2024-06-20,1:14 AM,3567,Online"
"2J64HC8HU42,640260,withdrawal,4482.81,MAD,2025-03-07,1:15 PM,9868,ATM"
"1JC8H84FJ17,611199,credit,8540.84,USD,2024-11-19,6:53 PM,6568,Branch"
"2Q82DD5AA42,533537,credit,4847.63,USD,2025-04-01,2:53 PM,6209,Online"
"8JD6VA3QE89,906446,transfer,3401.33,MAD,2025-03-26,4:13 PM,5963,ATM"
"3RF2EH2KK16,402288,deposit,4475.19,USD,2024-08-15,3:00 PM,7303,Mobile App"
"2TC0XX7DD51,183354,withdrawal,9268.49,MAD,2024-12-16,10:17 AM,476,Branch"
"7PP9PP7NY17,849476,debit,1759.92,GBP,2024-11-19,9:52 AM,9891,POS"
"8FU6EP1JT28,696753,deposit,7459.36,EUR,2025-03-19,11:41 PM,273,ATM"
"2E07JP7HW10,493624,transfer,8946.83,EUR,2025-04-11,1:04 AM,7865,ATM"
"8PU9AX1JA04,41660,transfer,5558.7,GBP,2025-02-15,9:16 AM,3935,Mobile App"
"6U89CU9AC53,889637,debit,1852.57,GBP,2024-12-27,3:22 PM,7696,Mobile App"
"5QW4VM8KF63,672154,deposit,1989.72,GBP,2024-10-11,1:25 PM,9974,Mobile App"
"1RN0UC9GA44,787810,debit,3475.45,MAD,2025-04-22,6:29 PM,7632,Branch"
"3VG5PN8HN28,166969,transfer,8849.86,EUR,2025-03-08,4:51 PM,5043,ATM"
"8EF9F34VC93,259110,withdrawal,442.5,GBP,2024-08-26,5:29 PM,3501,ATM"
"3A27MA2XK82,156520,transfer,6430.96,EUR,2024-10-10,10:37 AM,2369,POS"
"5P26A16MF70,379631,withdrawal,5814.08,GBP,2024-09-08,3:20 AM,1813,POS"
"6TG8KP5MT58,872331,deposit,9591.42,EUR,2024-11-04,4:00 PM,3413,POS"
"3DK5P23FW32,688232,debit,6686.49,EUR,2025-04-07,1:54 AM,9644,POS"
"4RD5R36TT35,963538,deposit,9477.51,GBP,2024-05-27,10:45 PM,9567,ATM"
"9W77YT5XK29,432297,deposit,3279.13,EUR,2024-11-15,1:33 PM,9573,POS"
"6GC0RA9EM82,663635,credit,8316.84,EUR,2024-07-02,10:05 PM,90,ATM"
"7AA4A88DE00,405456,credit,7928.17,MAD,2025-01-23,8:04 AM,7622,Branch"
"5U11T77FN54,69551,credit,2164.28,MAD,2025-04-09,7:57 AM,6344,Mobile App"
"8D37GT0XA05,219610,withdrawal,7900.13,EUR,2024-12-03,9:49 PM,8728,Mobile App"
"6J37V42PW02,139008,credit,6184.27,MAD,2024-05-13,11:04 AM,6735,ATM"
"7UF2P45CK58,460905,deposit,5322.75,EUR,2025-03-04,9:12 PM,8047,ATM"
"3KW6H73WP37,911251,withdrawal,1869.95,GBP,2025-02-26,7:40 AM,149,ATM"
